,Unnamed: 0,name,error,time_taken,left_rank,right_rank,run,rank
0,0.0,OTTS,0.0574308737546385,0.0133158778771758,1.0,2.0,0.0,
1,1.0,OTTS,0.0347386881818712,0.0114705888554453,1.0,2.0,1.0,
2,2.0,OTTS,0.0333202909319033,0.0074514457955956,1.0,2.0,2.0,
3,3.0,OTTS,0.0478335905779158,0.0112170055508613,1.0,2.0,3.0,
4,4.0,OTTS,0.1650775870563623,0.034392618574202,1.0,2.0,4.0,
5,5.0,OTTS,0.0344528698823018,0.0173112303018569,1.0,2.0,5.0,
6,6.0,OTTS,0.7448007161642725,0.0093730753287673,1.0,2.0,6.0,
7,7.0,OTTS,0.0588079015886267,0.0283880634233355,1.0,2.0,7.0,
8,8.0,OTTS,0.1677227178234767,0.0080494647845625,1.0,2.0,8.0,
9,9.0,OTTS,0.1573051524871532,0.0086425486952066,1.0,2.0,9.0,
10,10.0,OTTS,0.0317284146714264,0.0101189091801643,1.0,2.0,10.0,
11,11.0,OTTS,0.032122526881456,0.0075338883325457,1.0,2.0,11.0,
12,12.0,OTTS,0.9997906932045972,0.0078745344653725,1.0,2.0,12.0,
13,13.0,OTTS,0.0688643864335802,0.0145368259400129,1.0,2.0,13.0,
14,14.0,OTTS,0.2366177718228997,0.0086804879829287,1.0,2.0,14.0,
15,15.0,OTTS,0.2657826571987132,0.0079180747270584,1.0,2.0,15.0,
16,16.0,OTTS,0.0728523654137055,0.0074793845415115,1.0,2.0,16.0,
17,17.0,OTTS,0.0326154287095573,0.0080604702234268,1.0,2.0,17.0,
18,18.0,OTTS,0.1924748123385265,0.0074170446023344,1.0,2.0,18.0,
19,19.0,OTTS,0.0339235740319174,0.0080025112256407,1.0,2.0,19.0,
20,20.0,OTTS,0.007107446509807,0.0158776510506868,2.0,4.0,0.0,
21,21.0,OTTS,0.0095860229082448,0.0185810374096035,2.0,4.0,1.0,
22,22.0,OTTS,0.0259616541416279,0.0215198239311575,2.0,4.0,2.0,
23,23.0,OTTS,0.0226438264551343,0.0175292566418647,2.0,4.0,3.0,
24,24.0,OTTS,0.0046244696061267,0.0163835380226373,2.0,4.0,4.0,
25,25.0,OTTS,0.0050480646244997,0.0207148054614663,2.0,4.0,5.0,
26,26.0,OTTS,0.0097734545845078,0.0178621681407094,2.0,4.0,6.0,
27,27.0,OTTS,0.0052599732587297,0.0226724296808242,2.0,4.0,7.0,
28,28.0,OTTS,0.0067221462277544,0.0237161293625831,2.0,4.0,8.0,
29,29.0,OTTS,0.0072278463738492,0.0158031126484274,2.0,4.0,9.0,
30,30.0,OTTS,0.0050174442733247,0.0153577681630849,2.0,4.0,10.0,
31,31.0,OTTS,0.0094882839141044,0.0150264361873269,2.0,4.0,11.0,
32,32.0,OTTS,0.0058322199740873,0.0177215980365872,2.0,4.0,12.0,
33,33.0,OTTS,0.0262475196330801,0.0158542543649673,2.0,4.0,13.0,
34,34.0,OTTS,0.0044361877895177,0.015974998474121,2.0,4.0,14.0,
35,35.0,OTTS,0.0243233543090923,0.0165201965719461,2.0,4.0,15.0,
36,36.0,OTTS,0.0266952528531864,0.0168852964416146,2.0,4.0,16.0,
37,37.0,OTTS,0.0237674091278883,0.0156059116125106,2.0,4.0,17.0,
38,38.0,OTTS,0.0082785344319669,0.0152650522068142,2.0,4.0,18.0,
39,39.0,OTTS,0.0045682066652821,0.015250252559781,2.0,4.0,19.0,
40,40.0,OTTS,0.0022970960977848,0.0396008072420954,3.0,6.0,0.0,
41,41.0,OTTS,0.0031490450794487,0.0246358700096607,3.0,6.0,1.0,
42,42.0,OTTS,0.0026657797822921,0.030055453069508,3.0,6.0,2.0,
43,43.0,OTTS,0.0023933477371897,0.0724458815529942,3.0,6.0,3.0,
44,44.0,OTTS,0.0013858335214823,0.0299435565248131,3.0,6.0,4.0,
45,45.0,OTTS,0.001479595009615,0.0252564558759331,3.0,6.0,5.0,
46,46.0,OTTS,0.0015689564354666,0.0250075198709964,3.0,6.0,6.0,
47,47.0,OTTS,0.0021933167686993,0.0303019126877188,3.0,6.0,7.0,
48,48.0,OTTS,0.002356117072606,0.0247484249994158,3.0,6.0,8.0,
49,49.0,OTTS,0.0025092238086468,0.0239963252097368,3.0,6.0,9.0,
50,50.0,OTTS,0.0017950312146488,0.0234653213992714,3.0,6.0,10.0,
51,51.0,OTTS,0.0025782007491686,0.0339425969868898,3.0,6.0,11.0,
52,52.0,OTTS,0.0040641385529264,0.024045392870903,3.0,6.0,12.0,
53,53.0,OTTS,0.0035686726430615,0.0253254575654864,3.0,6.0,13.0,
54,54.0,OTTS,0.0011784555847403,0.0247264625504612,3.0,6.0,14.0,
55,55.0,OTTS,0.0011602935231761,0.0244572050869464,3.0,6.0,15.0,
56,56.0,OTTS,0.0026386355108921,0.0284440545365214,3.0,6.0,16.0,
57,57.0,OTTS,0.001280107612493,0.0242344867438077,3.0,6.0,17.0,
58,58.0,OTTS,0.0125948583780495,0.0261899353936314,3.0,6.0,18.0,
59,59.0,OTTS,0.0017610328628248,0.0362060358747839,3.0,6.0,19.0,
60,60.0,OTTS,0.0006873156826711,0.0496158832684159,4.0,8.0,0.0,
61,61.0,OTTS,0.0018959731621793,0.0379049880430102,4.0,8.0,1.0,
62,62.0,OTTS,0.0011116275057794,0.0351311257109046,4.0,8.0,2.0,
63,63.0,OTTS,0.0012327054494235,0.0421024328097701,4.0,8.0,3.0,
64,64.0,OTTS,0.0011593804234702,0.0387729331851005,4.0,8.0,4.0,
65,65.0,OTTS,0.0006762098250699,0.0336016360670328,4.0,8.0,5.0,
66,66.0,OTTS,0.0005244349772544,0.0364897148683667,4.0,8.0,6.0,
67,67.0,OTTS,0.0004444377551048,0.0471834698691964,4.0,8.0,7.0,
68,68.0,OTTS,0.0011623496154891,0.0417543333023786,4.0,8.0,8.0,
69,69.0,OTTS,0.0003808636461032,0.038310038857162,4.0,8.0,9.0,
70,70.0,OTTS,0.0010684072460802,0.0345530174672603,4.0,8.0,10.0,
71,71.0,OTTS,0.0008883977126342,0.0352110359817743,4.0,8.0,11.0,
72,72.0,OTTS,0.0005067990320386,0.0355971287935972,4.0,8.0,12.0,
73,73.0,OTTS,0.0004852283712637,0.0355503521859645,4.0,8.0,13.0,
74,74.0,OTTS,0.0004099500272627,0.0749743469059467,4.0,8.0,14.0,
75,75.0,OTTS,0.0005816434376684,0.087368594482541,4.0,8.0,15.0,
76,76.0,OTTS,0.0004007261150531,0.0781620778143405,4.0,8.0,16.0,
77,77.0,OTTS,0.0031200006449001,0.0411780243739485,4.0,8.0,17.0,
78,78.0,OTTS,0.0003953710357412,0.0347842536866664,4.0,8.0,18.0,
79,79.0,OTTS,0.0013616052824609,0.0357738155871629,4.0,8.0,19.0,
80,80.0,OTTS,0.0002758960493851,0.048373176716268,5.0,10.0,0.0,
81,81.0,OTTS,0.0002945229054859,0.0497560473158955,5.0,10.0,1.0,
82,82.0,OTTS,0.0002785219002057,0.04777901340276,5.0,10.0,2.0,
83,83.0,OTTS,0.0003541377650793,0.0500665549188852,5.0,10.0,3.0,
84,84.0,OTTS,0.0002114576830215,0.0490512764081358,5.0,10.0,4.0,
85,85.0,OTTS,0.0004181868546397,0.0475096460431814,5.0,10.0,5.0,
86,86.0,OTTS,0.0006460388765825,0.0544070275500416,5.0,10.0,6.0,
87,87.0,OTTS,0.0004467148701485,0.0480479523539543,5.0,10.0,7.0,
88,88.0,OTTS,0.000334726236085,0.084968059323728,5.0,10.0,8.0,
89,89.0,OTTS,0.0004073799802876,0.0533151002600789,5.0,10.0,9.0,
90,90.0,OTTS,0.0002912642846808,0.0478932037949562,5.0,10.0,10.0,
91,91.0,OTTS,0.0002347214448615,0.0840346971526742,5.0,10.0,11.0,
92,92.0,OTTS,0.00028855528391,0.1317716492339968,5.0,10.0,12.0,
93,93.0,OTTS,0.000377188826652,0.0568541027605533,5.0,10.0,13.0,
94,94.0,OTTS,0.000847377260765,0.0835593761876225,5.0,10.0,14.0,
95,95.0,OTTS,0.0002092610452104,0.0558500168845057,5.0,10.0,15.0,
96,96.0,OTTS,0.0003238882104245,0.0534447934478521,5.0,10.0,16.0,
97,97.0,OTTS,0.0002035337612092,0.0867189364507794,5.0,10.0,17.0,
98,98.0,OTTS,0.0007414945152179,0.0662212520837783,5.0,10.0,18.0,
99,99.0,OTTS,0.0002455984441589,0.0556073831394314,5.0,10.0,19.0,
100,100.0,OTTS,0.0001248092721752,0.0693188421428203,6.0,12.0,0.0,
101,101.0,OTTS,0.0001442155453212,0.0647576879709959,6.0,12.0,1.0,
102,102.0,OTTS,0.0001742263775189,0.0627201534807682,6.0,12.0,2.0,
103,103.0,OTTS,0.0001554688656383,0.0649370308965444,6.0,12.0,3.0,
104,104.0,OTTS,0.0001163279277611,0.0605506692081689,6.0,12.0,4.0,
105,105.0,OTTS,0.0001963678614336,0.0820519048720598,6.0,12.0,5.0,
106,106.0,OTTS,0.0001571186273181,0.0690832249820232,6.0,12.0,6.0,
107,107.0,OTTS,0.0001167094764156,0.1354472367092967,6.0,12.0,7.0,
108,108.0,OTTS,0.0001604624027586,0.059209082275629,6.0,12.0,8.0,
109,109.0,OTTS,0.0001337523180573,0.1009625419974327,6.0,12.0,9.0,
110,110.0,OTTS,0.0001835672983377,0.0599232949316501,6.0,12.0,10.0,
111,111.0,OTTS,0.0001611451824709,0.0667562782764434,6.0,12.0,11.0,
112,112.0,OTTS,0.0002475391215341,0.0602509435266256,6.0,12.0,12.0,
113,113.0,OTTS,0.0002666960319833,0.0609681298956275,6.0,12.0,13.0,
114,114.0,OTTS,0.0001245802138838,0.0719174752011895,6.0,12.0,14.0,
115,115.0,OTTS,0.0001195301252746,0.0613493528217077,6.0,12.0,15.0,
116,116.0,OTTS,0.0001359265523136,0.0613821595907211,6.0,12.0,16.0,
117,117.0,OTTS,0.0001776780411086,0.0831815619021654,6.0,12.0,17.0,
118,118.0,OTTS,0.0001436615244005,0.0850651571527123,6.0,12.0,18.0,
119,119.0,OTTS,0.0001100295556372,0.0726777920499444,6.0,12.0,19.0,
120,120.0,OTTS,6.258337670925019e-05,0.0837820768356323,7.0,14.0,0.0,
121,121.0,OTTS,5.9590782571311854e-05,0.0832376396283507,7.0,14.0,1.0,
122,122.0,OTTS,9.663545681205354e-05,0.088157283142209,7.0,14.0,2.0,
123,123.0,OTTS,6.795842213578365e-05,0.083404547534883,7.0,14.0,3.0,
124,124.0,OTTS,7.985978861528638e-05,0.0736831370741128,7.0,14.0,4.0,
125,125.0,OTTS,0.0001066320049938,0.0813231486827135,7.0,14.0,5.0,
126,126.0,OTTS,7.430067247059744e-05,0.0974948378279805,7.0,14.0,6.0,
127,127.0,OTTS,6.082774681245788e-05,0.1100404635071754,7.0,14.0,7.0,
128,128.0,OTTS,7.766416724839647e-05,0.1228029355406761,7.0,14.0,8.0,
129,129.0,OTTS,5.1993915270526384e-05,0.1139957038685679,7.0,14.0,9.0,
130,130.0,OTTS,8.485879128171077e-05,0.1215101340785622,7.0,14.0,10.0,
131,131.0,OTTS,6.680315582916087e-05,0.0767451524734497,7.0,14.0,11.0,
132,132.0,OTTS,0.0001040039857889,0.0748902652412653,7.0,14.0,12.0,
133,133.0,OTTS,0.0001635782133593,0.0841276608407497,7.0,14.0,13.0,
134,134.0,OTTS,7.493603103929935e-05,0.0904439026489853,7.0,14.0,14.0,
135,135.0,OTTS,7.430006298957299e-05,0.0939261633902788,7.0,14.0,15.0,
136,136.0,OTTS,7.313201712546873e-05,0.0802330058068037,7.0,14.0,16.0,
137,137.0,OTTS,0.0001124593397976,0.0872867684811353,7.0,14.0,17.0,
138,138.0,OTTS,9.52423317940896e-05,0.0795338135212659,7.0,14.0,18.0,
139,139.0,OTTS,8.675056750052729e-05,0.08516685385257,7.0,14.0,19.0,
140,140.0,OTTS,4.506287678979687e-05,0.1206191703677177,8.0,16.0,0.0,
141,141.0,OTTS,4.0371847746859816e-05,0.1332428837195038,8.0,16.0,1.0,
142,142.0,OTTS,4.205890392653381e-05,0.0979857528582215,8.0,16.0,2.0,
143,143.0,OTTS,2.981984712366829e-05,0.1446919282898306,8.0,16.0,3.0,
144,144.0,OTTS,3.862992675487498e-05,0.1621715659275651,8.0,16.0,4.0,
145,145.0,OTTS,4.983594974414282e-05,0.1183417178690433,8.0,16.0,5.0,
146,146.0,OTTS,3.214353265450265e-05,0.0992048783227801,8.0,16.0,6.0,
147,147.0,OTTS,3.4186184595265696e-05,0.0976998964324593,8.0,16.0,7.0,
148,148.0,OTTS,5.366926352844009e-05,0.0976378750056028,8.0,16.0,8.0,
149,149.0,OTTS,3.853143722381925e-05,0.0992670524865388,8.0,16.0,9.0,
150,150.0,OTTS,3.582476078704469e-05,0.1217585559934377,8.0,16.0,10.0,
151,151.0,OTTS,3.703376376719481e-05,0.1034948918968439,8.0,16.0,11.0,
152,152.0,OTTS,4.386521054014579e-05,0.1036526160314679,8.0,16.0,12.0,
153,153.0,OTTS,3.83702176325568e-05,0.098697792738676,8.0,16.0,13.0,
154,154.0,OTTS,3.539038243231935e-05,0.1048040203750133,8.0,16.0,14.0,
155,155.0,OTTS,2.700760872675324e-05,0.091115616261959,8.0,16.0,15.0,
156,156.0,OTTS,4.7331598029802496e-05,0.0976709723472595,8.0,16.0,16.0,
157,157.0,OTTS,3.892428788470656e-05,0.1015124972909689,8.0,16.0,17.0,
158,158.0,OTTS,3.849361547028557e-05,0.0956542147323489,8.0,16.0,18.0,
159,159.0,OTTS,4.379149670708661e-05,0.0963179608806967,8.0,16.0,19.0,
160,160.0,OTTS,2.7861670048976257e-05,0.1073998548090457,9.0,18.0,0.0,
161,161.0,OTTS,2.582434662601553e-05,0.106417465955019,9.0,18.0,1.0,
162,162.0,OTTS,3.383123410810724e-05,0.1066876016557216,9.0,18.0,2.0,
163,163.0,OTTS,2.105293013966522e-05,0.1114182341843843,9.0,18.0,3.0,
164,164.0,OTTS,3.3859508398341426e-05,0.1078068260103464,9.0,18.0,4.0,
165,165.0,OTTS,2.9251071567381556e-05,0.1004932429641485,9.0,18.0,5.0,
166,166.0,OTTS,2.4016206372024502e-05,0.1138711823150515,9.0,18.0,6.0,
167,167.0,OTTS,2.013608566627271e-05,0.1118623008951544,9.0,18.0,7.0,
168,168.0,OTTS,1.9233218210449425e-05,0.1069126101210713,9.0,18.0,8.0,
169,169.0,OTTS,3.163033321349282e-05,0.1355793979018926,9.0,18.0,9.0,
170,170.0,OTTS,1.8186843546841348e-05,0.1084535969421267,9.0,18.0,10.0,
171,171.0,OTTS,2.6069707161996414e-05,0.1071532797068357,9.0,18.0,11.0,
172,172.0,OTTS,2.2184827326190428e-05,0.1195220733061432,9.0,18.0,12.0,
173,173.0,OTTS,3.3387264009177554e-05,0.1187760708853602,9.0,18.0,13.0,
174,174.0,OTTS,2.754684148468353e-05,0.1111136935651302,9.0,18.0,14.0,
175,175.0,OTTS,2.465289975307844e-05,0.1078165248036384,9.0,18.0,15.0,
176,176.0,OTTS,3.465017555512005e-05,0.1086649196222424,9.0,18.0,16.0,
177,177.0,OTTS,3.945663390531683e-05,0.1329097244888544,9.0,18.0,17.0,
178,178.0,OTTS,3.326400961230081e-05,0.107091779820621,9.0,18.0,18.0,
179,179.0,OTTS,2.6209535402161156e-05,0.1224376130849123,9.0,18.0,19.0,
180,180.0,OTTS,4.331157310265243e-05,0.1353790694847703,10.0,20.0,0.0,
181,181.0,OTTS,1.3059904527144784e-05,0.1205159518867731,10.0,20.0,1.0,
182,182.0,OTTS,2.309693334982376e-05,0.1168768098577857,10.0,20.0,2.0,
183,183.0,OTTS,1.6492652592021994e-05,0.1177194155752658,10.0,20.0,3.0,
184,184.0,OTTS,2.7461009436795106e-05,0.1227244045585393,10.0,20.0,4.0,
185,185.0,OTTS,1.7021686523770285e-05,0.1517473207786679,10.0,20.0,5.0,
186,186.0,OTTS,1.2199780304101137e-05,0.121707571670413,10.0,20.0,6.0,
187,187.0,OTTS,1.9014084870499007e-05,0.1180487023666501,10.0,20.0,7.0,
188,188.0,OTTS,1.2668970335693284e-05,0.1404432421550154,10.0,20.0,8.0,
189,189.0,OTTS,2.040931327946473e-05,0.1409568134695291,10.0,20.0,9.0,
190,190.0,OTTS,1.4234221782888935e-05,0.1244195252656936,10.0,20.0,10.0,
191,191.0,OTTS,1.9250241012642624e-05,0.1243130890652537,10.0,20.0,11.0,
192,192.0,OTTS,1.908239753582081e-05,0.1084003504365682,10.0,20.0,12.0,
193,193.0,OTTS,1.4545583881403735e-05,0.121996427886188,10.0,20.0,13.0,
194,194.0,OTTS,1.4402850407843222e-05,0.1312436098232865,10.0,20.0,14.0,
195,195.0,OTTS,1.7957758745341673e-05,0.1257742336019873,10.0,20.0,15.0,
196,196.0,OTTS,1.971110157860417e-05,0.150576245971024,10.0,20.0,16.0,
197,197.0,OTTS,1.5366948268517662e-05,0.1178887514397502,10.0,20.0,17.0,
198,198.0,OTTS,1.2824524332428666e-05,0.1219698227941989,10.0,20.0,18.0,
199,199.0,OTTS,1.749634800789258e-05,0.1587079586461186,10.0,20.0,19.0,
200,200.0,OTTS,1.37537328147145e-05,0.1380563993006944,11.0,22.0,0.0,
201,201.0,OTTS,1.0115050805606528e-05,0.1267353221774101,11.0,22.0,1.0,
202,202.0,OTTS,1.2321657928492595e-05,0.1336828349158167,11.0,22.0,2.0,
203,203.0,OTTS,1.1884940244804778e-05,0.1561657534912228,11.0,22.0,3.0,
204,204.0,OTTS,8.220982741426608e-06,0.1841125302016735,11.0,22.0,4.0,
205,205.0,OTTS,9.749026052927711e-06,0.1715690586715936,11.0,22.0,5.0,
206,206.0,OTTS,1.1093939875403754e-05,0.1777094369754195,11.0,22.0,6.0,
207,207.0,OTTS,1.4236608645872043e-05,0.1356261521577835,11.0,22.0,7.0,
208,208.0,OTTS,1.04620991159239e-05,0.1356059862300753,11.0,22.0,8.0,
209,209.0,OTTS,1.0250248034578607e-05,0.1716130515560507,11.0,22.0,9.0,
210,210.0,OTTS,1.1295645135112218e-05,0.1582211591303348,11.0,22.0,10.0,
211,211.0,OTTS,1.3188581609404877e-05,0.1604080200195312,11.0,22.0,11.0,
212,212.0,OTTS,8.344982872458059e-06,0.1382022816687822,11.0,22.0,12.0,
213,213.0,OTTS,1.1052200699750036e-05,0.1317669656127691,11.0,22.0,13.0,
214,214.0,OTTS,1.1413073630190536e-05,0.1356134517118334,11.0,22.0,14.0,
215,215.0,OTTS,1.0376911704454624e-05,0.1304322658106684,11.0,22.0,15.0,
216,216.0,OTTS,9.593602081431386e-06,0.1299170637503266,11.0,22.0,16.0,
217,217.0,OTTS,7.834407653264088e-06,0.1274915309622883,11.0,22.0,17.0,
218,218.0,OTTS,9.79890880580737e-06,0.1277061188593506,11.0,22.0,18.0,
219,219.0,OTTS,1.4004903092223204e-05,0.1268306244164705,11.0,22.0,19.0,
220,220.0,OTTS,8.14500226856937e-06,0.170985703356564,12.0,24.0,0.0,
221,221.0,OTTS,9.86392801152044e-06,0.1415483234450221,12.0,24.0,1.0,
222,222.0,OTTS,6.2984754937294485e-06,0.1370921386405825,12.0,24.0,2.0,
223,223.0,OTTS,7.776409646641727e-06,0.1384162344038486,12.0,24.0,3.0,
224,224.0,OTTS,8.097314446783674e-06,0.1374978143721819,12.0,24.0,4.0,
225,225.0,OTTS,9.46836542581141e-06,0.137977672740817,12.0,24.0,5.0,
226,226.0,OTTS,7.982812114206554e-06,0.1427094675600528,12.0,24.0,6.0,
227,227.0,OTTS,6.950390287413401e-06,0.1430377624928951,12.0,24.0,7.0,
228,228.0,OTTS,5.502573782586739e-06,0.1347426865249872,12.0,24.0,8.0,
229,229.0,OTTS,8.171261069101802e-06,0.1389113673940301,12.0,24.0,9.0,
230,230.0,OTTS,8.44648457611538e-06,0.1357087474316358,12.0,24.0,10.0,
231,231.0,OTTS,5.624841309461708e-06,0.1350514655932784,12.0,24.0,11.0,
232,232.0,OTTS,9.187053409069544e-06,0.1362465359270572,12.0,24.0,12.0,
233,233.0,OTTS,7.823989044993352e-06,0.1394513240084052,12.0,24.0,13.0,
234,234.0,OTTS,1.155898324152063e-05,0.1376534150913357,12.0,24.0,14.0,
235,235.0,OTTS,1.0231535114393786e-05,0.1383114317432046,12.0,24.0,15.0,
236,236.0,OTTS,8.530572162595436e-06,0.1402481300756335,12.0,24.0,16.0,
237,237.0,OTTS,6.274027044844094e-06,0.1334106130525469,12.0,24.0,17.0,
238,238.0,OTTS,1.4460886577184189e-05,0.1355703165754676,12.0,24.0,18.0,
239,239.0,OTTS,1.0556741615483912e-05,0.156610676087439,12.0,24.0,19.0,
240,240.0,OTTS,6.673933791404123e-06,0.1465345174074173,13.0,26.0,0.0,
241,241.0,OTTS,6.706443410470414e-06,0.1471768636256456,13.0,26.0,1.0,
242,242.0,OTTS,5.375642389391832e-06,0.1456546615809202,13.0,26.0,2.0,
243,243.0,OTTS,5.127290844773496e-06,0.1441900040954351,13.0,26.0,3.0,
244,244.0,OTTS,6.765589924966666e-06,0.1462567644193768,13.0,26.0,4.0,
245,245.0,OTTS,4.189158714133899e-06,0.146623226813972,13.0,26.0,5.0,
246,246.0,OTTS,6.608474534235328e-06,0.1504231104627251,13.0,26.0,6.0,
247,247.0,OTTS,3.4141236575970056e-06,0.1453303657472133,13.0,26.0,7.0,
248,248.0,OTTS,6.085753767844845e-06,0.1742997653782367,13.0,26.0,8.0,
249,249.0,OTTS,5.095965845085766e-06,0.1467565139755606,13.0,26.0,9.0,
250,250.0,OTTS,5.487460492399793e-06,0.154275381937623,13.0,26.0,10.0,
251,251.0,OTTS,4.336161263175225e-06,0.1501365257427096,13.0,26.0,11.0,
252,252.0,OTTS,5.039446710290601e-06,0.1452519474551081,13.0,26.0,12.0,
253,253.0,OTTS,6.8817513662084725e-06,0.1755577977746725,13.0,26.0,13.0,
254,254.0,OTTS,5.00122326848409e-06,0.1461585769429803,13.0,26.0,14.0,
255,255.0,OTTS,5.482550554176023e-06,0.1461190329864621,13.0,26.0,15.0,
256,256.0,OTTS,4.332367876849164e-06,0.1450384836643934,13.0,26.0,16.0,
257,257.0,OTTS,5.863829692190777e-06,0.1711181160062551,13.0,26.0,17.0,
258,258.0,OTTS,4.125136938559285e-06,0.14548946544528,13.0,26.0,18.0,
259,259.0,OTTS,5.350166696372205e-06,0.1492735100910067,13.0,26.0,19.0,
260,260.0,OTTS,5.28300366886164e-06,0.1569109493866562,14.0,28.0,0.0,
261,261.0,OTTS,3.5382589270846176e-06,0.1542342873290181,14.0,28.0,1.0,
262,262.0,OTTS,3.30434200035374e-06,0.1554873613640666,14.0,28.0,2.0,
263,263.0,OTTS,2.66866061404975e-06,0.1556077068671584,14.0,28.0,3.0,
264,264.0,OTTS,4.681196724838256e-06,0.1553908754140138,14.0,28.0,4.0,
265,265.0,OTTS,5.444515078690645e-06,0.1587634179741144,14.0,28.0,5.0,
266,266.0,OTTS,3.6699323694381615e-06,0.1358260260894894,14.0,28.0,6.0,
267,267.0,OTTS,3.320273059134874e-06,0.1574564483016729,14.0,28.0,7.0,
268,268.0,OTTS,3.510952883287553e-06,0.1584143666550517,14.0,28.0,8.0,
269,269.0,OTTS,3.74447825729403e-06,0.1632842775434255,14.0,28.0,9.0,
270,270.0,OTTS,4.929103758727608e-06,0.1546310223639011,14.0,28.0,10.0,
271,271.0,OTTS,3.557035573246077e-06,0.1656694086268544,14.0,28.0,11.0,
272,272.0,OTTS,4.690957839061893e-06,0.1562495799735188,14.0,28.0,12.0,
273,273.0,OTTS,3.556440280381607e-06,0.1547667570412159,14.0,28.0,13.0,
274,274.0,OTTS,3.681147842519671e-06,0.176162039861083,14.0,28.0,14.0,
275,275.0,OTTS,4.033007674518937e-06,0.1547100264579057,14.0,28.0,15.0,
276,276.0,OTTS,3.4730854264373287e-06,0.1576962163671851,14.0,28.0,16.0,
277,277.0,OTTS,3.4104255474799674e-06,0.1573107102885842,14.0,28.0,17.0,
278,278.0,OTTS,3.913001782339521e-06,0.1575252478942275,14.0,28.0,18.0,
279,279.0,OTTS,4.79380163609138e-06,0.1559489406645298,14.0,28.0,19.0,
280,280.0,OTTS,2.4545352919458527e-06,0.167003707960248,15.0,30.0,0.0,
281,281.0,OTTS,2.846304412450926e-06,0.1652929652482271,15.0,30.0,1.0,
282,282.0,OTTS,3.2234682024250502e-06,0.1661565229296684,15.0,30.0,2.0,
283,283.0,OTTS,3.662174614508709e-06,0.166241212747991,15.0,30.0,3.0,
284,284.0,OTTS,2.8220878772596868e-06,0.164169356226921,15.0,30.0,4.0,
285,285.0,OTTS,3.112714112226537e-06,0.1771054770797491,15.0,30.0,5.0,
286,286.0,OTTS,2.43495180786866e-06,0.1750726103782653,15.0,30.0,6.0,
287,287.0,OTTS,3.5761313348269607e-06,0.1677398076280951,15.0,30.0,7.0,
288,288.0,OTTS,3.571976901370661e-06,0.1702530095353722,15.0,30.0,8.0,
289,289.0,OTTS,3.463099269878002e-06,0.1666247742250561,15.0,30.0,9.0,
290,290.0,OTTS,2.878530861496866e-06,0.1668577315285802,15.0,30.0,10.0,
291,291.0,OTTS,3.012417443498409e-06,0.1821543145924806,15.0,30.0,11.0,
292,292.0,OTTS,3.185863950842727e-06,0.1702625527977943,15.0,30.0,12.0,
293,293.0,OTTS,2.9384558760289286e-06,0.1671896884217858,15.0,30.0,13.0,
294,294.0,OTTS,2.9177043661694964e-06,0.1647058762609958,15.0,30.0,14.0,
295,295.0,OTTS,2.355388068264586e-06,0.1677663251757621,15.0,30.0,15.0,
296,296.0,OTTS,2.9806316127951825e-06,0.1642398377880454,15.0,30.0,16.0,
297,297.0,OTTS,3.582259862070522e-06,0.1650097854435444,15.0,30.0,17.0,
298,298.0,OTTS,2.5515977247354305e-06,0.1657502884045243,15.0,30.0,18.0,
299,299.0,OTTS,2.252554221443421e-06,0.1638928512111306,15.0,30.0,19.0,
300,300.0,OTTS,2.403864140151693e-06,0.1966474708169698,16.0,32.0,0.0,
301,301.0,OTTS,1.792590292474425e-06,0.1946318550035357,16.0,32.0,1.0,
302,302.0,OTTS,2.3498525504466576e-06,0.1978604849427938,16.0,32.0,2.0,
303,303.0,OTTS,1.7695854102405863e-06,0.1972259581089019,16.0,32.0,3.0,
304,304.0,OTTS,2.051014149379915e-06,0.1976418616250157,16.0,32.0,4.0,
305,305.0,OTTS,2.320879002604308e-06,0.2019789265468716,16.0,32.0,5.0,
306,306.0,OTTS,1.6711789860970738e-06,0.2011352330446243,16.0,32.0,6.0,
307,307.0,OTTS,2.409395535956124e-06,0.1960946917533874,16.0,32.0,7.0,
308,308.0,OTTS,1.7902284836090308e-06,0.195711437612772,16.0,32.0,8.0,
309,309.0,OTTS,1.9938565918300727e-06,0.191117625683546,16.0,32.0,9.0,
310,310.0,OTTS,2.8011189471456947e-06,0.2339029936119914,16.0,32.0,10.0,
311,311.0,OTTS,2.256369028427842e-06,0.1979114944115281,16.0,32.0,11.0,
312,312.0,OTTS,2.4560457108241714e-06,0.1928479149937629,16.0,32.0,12.0,
313,313.0,OTTS,2.4749113174955898e-06,0.2014655889943242,16.0,32.0,13.0,
314,314.0,OTTS,1.9965443223468883e-06,0.1987902605906129,16.0,32.0,14.0,
315,315.0,OTTS,2.542262567461496e-06,0.2060825005173683,16.0,32.0,15.0,
316,316.0,OTTS,1.7551922229689687e-06,0.1982631124556064,16.0,32.0,16.0,
317,317.0,OTTS,1.890154376333589e-06,0.1966103687882423,16.0,32.0,17.0,
318,318.0,OTTS,2.143370421090031e-06,0.2088293675333261,16.0,32.0,18.0,
319,319.0,OTTS,2.1638024724325717e-06,0.1926561659201979,16.0,32.0,19.0,
320,320.0,OTTS,1.608205001268964e-06,0.2141514169052243,17.0,34.0,0.0,
321,321.0,OTTS,1.8747193829107917e-06,0.2160243019461631,17.0,34.0,1.0,
322,322.0,OTTS,1.6051957062272178e-06,0.2098069805651903,17.0,34.0,2.0,
323,323.0,OTTS,1.6463019755077152e-06,0.2128860615193843,17.0,34.0,3.0,
324,324.0,OTTS,2.0949500784787708e-06,0.2251028856262564,17.0,34.0,4.0,
325,325.0,OTTS,1.359112453550389e-06,0.2074823789298534,17.0,34.0,5.0,
326,326.0,OTTS,1.9010761151490443e-06,0.2089881170541048,17.0,34.0,6.0,
327,327.0,OTTS,1.5713009438978556e-06,0.2115917252376675,17.0,34.0,7.0,
328,328.0,OTTS,1.275953101526009e-06,0.2179022002965212,17.0,34.0,8.0,
329,329.0,OTTS,1.2287695046044685e-06,0.2171444343402981,17.0,34.0,9.0,
330,330.0,OTTS,1.5255494799938865e-06,0.2143420604988932,17.0,34.0,10.0,
331,331.0,OTTS,1.3663850605845605e-06,0.2413006285205483,17.0,34.0,11.0,
332,332.0,OTTS,1.6150442261554802e-06,0.2135992059484124,17.0,34.0,12.0,
333,333.0,OTTS,1.775803790046538e-06,0.2100074347108602,17.0,34.0,13.0,
334,334.0,OTTS,1.5465352574607368e-06,0.2379706157371401,17.0,34.0,14.0,
335,335.0,OTTS,1.385809166605864e-06,0.2067477498203516,17.0,34.0,15.0,
336,336.0,OTTS,1.391451437781036e-06,0.2098803389817476,17.0,34.0,16.0,
337,337.0,OTTS,1.936159463497305e-06,0.2071508588269353,17.0,34.0,17.0,
338,338.0,OTTS,1.4270629105846353e-06,0.2066447734832763,17.0,34.0,18.0,
339,339.0,OTTS,1.486930708862628e-06,0.2131550889462232,17.0,34.0,19.0,
340,340.0,OTTS,1.0493408645502892e-06,0.2238397700712084,18.0,36.0,0.0,
341,341.0,OTTS,1.260574308202621e-06,0.2016690913587808,18.0,36.0,1.0,
342,342.0,OTTS,1.0781014382876882e-06,0.2028051642701029,18.0,36.0,2.0,
343,343.0,OTTS,9.583648113546624e-07,0.2093699779361486,18.0,36.0,3.0,
344,344.0,OTTS,1.1040951585845198e-06,0.2332021640613675,18.0,36.0,4.0,
345,345.0,OTTS,1.4848355158459927e-06,0.2182769263163209,18.0,36.0,5.0,
346,346.0,OTTS,1.3777065897755966e-06,0.231652557849884,18.0,36.0,6.0,
347,347.0,OTTS,1.1575314921544385e-06,0.2068287618458271,18.0,36.0,7.0,
348,348.0,OTTS,9.859198434381757e-07,0.2153276950120926,18.0,36.0,8.0,
349,349.0,OTTS,1.3810309634876955e-06,0.2029038714244961,18.0,36.0,9.0,
350,350.0,OTTS,1.3263728579786136e-06,0.1977904131636023,18.0,36.0,10.0,
351,351.0,OTTS,1.274840591402724e-06,0.2033835900947451,18.0,36.0,11.0,
352,352.0,OTTS,1.210813101918993e-06,0.2042871294543147,18.0,36.0,12.0,
353,353.0,OTTS,1.2174067884234752e-06,0.2048206469044089,18.0,36.0,13.0,
354,354.0,OTTS,1.3750433338314657e-06,0.1996819404885172,18.0,36.0,14.0,
355,355.0,OTTS,9.34715881813385e-07,0.2062717340886593,18.0,36.0,15.0,
356,356.0,OTTS,1.579509548744206e-06,0.2034527994692325,18.0,36.0,16.0,
357,357.0,OTTS,1.3580100818486074e-06,0.2114368202164769,18.0,36.0,17.0,
358,358.0,OTTS,1.4990154510305732e-06,0.2238136669620871,18.0,36.0,18.0,
359,359.0,OTTS,1.604894882711407e-06,0.2191041288897395,18.0,36.0,19.0,
360,360.0,OTTS,9.690914382252176e-07,0.2258363990113139,19.0,38.0,0.0,
361,361.0,OTTS,7.91643646740811e-07,0.2264636596664786,19.0,38.0,1.0,
362,362.0,OTTS,1.0170167861062693e-06,0.2704334873706102,19.0,38.0,2.0,
363,363.0,OTTS,8.413242965801815e-07,0.2346665048971772,19.0,38.0,3.0,
364,364.0,OTTS,8.123164245624064e-07,0.216202761977911,19.0,38.0,4.0,
365,365.0,OTTS,8.378170602995286e-07,0.2360818302258849,19.0,38.0,5.0,
366,366.0,OTTS,1.014712766650195e-06,0.2193859675899148,19.0,38.0,6.0,
367,367.0,OTTS,7.11726981828069e-07,0.2501512421295047,19.0,38.0,7.0,
368,368.0,OTTS,8.731002630011456e-07,0.2105926964432001,19.0,38.0,8.0,
369,369.0,OTTS,8.249505951926542e-07,0.2480352139100432,19.0,38.0,9.0,
370,370.0,OTTS,8.428716593484874e-07,0.2155313985422253,19.0,38.0,10.0,
371,371.0,OTTS,8.82002231587797e-07,0.2130836676806211,19.0,38.0,11.0,
372,372.0,OTTS,1.0010840939990631e-06,0.2692466815933585,19.0,38.0,12.0,
373,373.0,OTTS,9.898017764256255e-07,0.2146241003647446,19.0,38.0,13.0,
374,374.0,OTTS,8.673864618934525e-07,0.2443960243836045,19.0,38.0,14.0,
375,375.0,OTTS,1.055950865671261e-06,0.2120606349781155,19.0,38.0,15.0,
376,376.0,OTTS,9.868753319146558e-07,0.2184736439958214,19.0,38.0,16.0,
377,377.0,OTTS,9.58445397068887e-07,0.2132498454302549,19.0,38.0,17.0,
378,378.0,OTTS,9.779371203917324e-07,0.2657838696613908,19.0,38.0,18.0,
379,379.0,OTTS,1.211026685428918e-06,0.2259581042453646,19.0,38.0,19.0,
380,380.0,OTTS,8.416785331907485e-07,0.2561562703922391,20.0,40.0,0.0,
381,381.0,OTTS,7.922380824100968e-07,0.2213544622063636,20.0,40.0,1.0,
382,382.0,OTTS,6.987413380629673e-07,0.2251102505251765,20.0,40.0,2.0,
383,383.0,OTTS,6.928235981108408e-07,0.2515260074287653,20.0,40.0,3.0,
384,384.0,OTTS,9.755807864896191e-07,0.2293879352509975,20.0,40.0,4.0,
385,385.0,OTTS,8.532002878415365e-07,0.2336498731747269,20.0,40.0,5.0,
386,386.0,OTTS,5.908114863256247e-07,0.2343689994886517,20.0,40.0,6.0,
387,387.0,OTTS,7.603229000086312e-07,0.2292147791013121,20.0,40.0,7.0,
388,388.0,OTTS,7.410406915325803e-07,0.2441388303413987,20.0,40.0,8.0,
389,389.0,OTTS,9.137591930590866e-07,0.2537668095901608,20.0,40.0,9.0,
390,390.0,OTTS,8.734230398374407e-07,0.2513808747753501,20.0,40.0,10.0,
391,391.0,OTTS,9.040266542517464e-07,0.2434599278494715,20.0,40.0,11.0,
392,392.0,OTTS,6.447545160403474e-07,0.2244536485522985,20.0,40.0,12.0,
393,393.0,OTTS,8.794657054009878e-07,0.2267824141308665,20.0,40.0,13.0,
394,394.0,OTTS,8.38499006556575e-07,0.2634376678615808,20.0,40.0,14.0,
395,395.0,OTTS,9.067083584944168e-07,0.2275147316977381,20.0,40.0,15.0,
396,396.0,OTTS,7.337078442293735e-07,0.2300353730097413,20.0,40.0,16.0,
397,397.0,OTTS,7.19664060611099e-07,0.247847618535161,20.0,40.0,17.0,
398,398.0,OTTS,7.982773654626098e-07,0.2272364096716046,20.0,40.0,18.0,
399,399.0,OTTS,7.906963613240085e-07,0.2482497124001383,20.0,40.0,19.0,
400,400.0,OTTS,6.023566058392568e-07,0.3162536080926657,21.0,42.0,0.0,
401,401.0,OTTS,5.303511657710897e-07,0.3119205562397837,21.0,42.0,1.0,
402,402.0,OTTS,6.551616268387529e-07,0.313915348611772,21.0,42.0,2.0,
403,403.0,OTTS,6.229341565703638e-07,0.3149738386273384,21.0,42.0,3.0,
404,404.0,OTTS,8.142518948121614e-07,0.3108546873554587,21.0,42.0,4.0,
405,405.0,OTTS,5.648333216721843e-07,0.3017548695206642,21.0,42.0,5.0,
406,406.0,OTTS,4.964737109644016e-07,0.3219051789492368,21.0,42.0,6.0,
407,407.0,OTTS,5.41833339714632e-07,0.2947920197620988,21.0,42.0,7.0,
408,408.0,OTTS,6.41253566016742e-07,0.2976203719154,21.0,42.0,8.0,
409,409.0,OTTS,5.706831952389874e-07,0.3247195873409509,21.0,42.0,9.0,
410,410.0,OTTS,6.555974908193462e-07,0.2927157329395413,21.0,42.0,10.0,
411,411.0,OTTS,6.12710607135215e-07,0.3100040853023529,21.0,42.0,11.0,
412,412.0,OTTS,7.312063025534698e-07,0.3159383097663522,21.0,42.0,12.0,
413,413.0,OTTS,6.293316722327378e-07,0.3066625641658902,21.0,42.0,13.0,
414,414.0,OTTS,5.442022768202389e-07,0.3136431807652116,21.0,42.0,14.0,
415,415.0,OTTS,6.674529396144322e-07,0.3180121788755059,21.0,42.0,15.0,
416,416.0,OTTS,6.227045381645177e-07,0.3028221298009157,21.0,42.0,16.0,
417,417.0,OTTS,7.297119209254368e-07,0.3123177299275994,21.0,42.0,17.0,
418,418.0,OTTS,5.668392090266632e-07,0.3057417450472712,21.0,42.0,18.0,
419,419.0,OTTS,4.954002866785798e-07,0.3104939153417945,21.0,42.0,19.0,
420,420.0,OTTS,5.834062191511162e-07,0.3234976371750235,22.0,44.0,0.0,
421,421.0,OTTS,5.032642231165465e-07,0.3109247060492635,22.0,44.0,1.0,
422,422.0,OTTS,4.4861921131884004e-07,0.3137506805360317,22.0,44.0,2.0,
423,423.0,OTTS,4.89261757677021e-07,0.3125896342098713,22.0,44.0,3.0,
424,424.0,OTTS,4.943367083486161e-07,0.3138187127187848,22.0,44.0,4.0,
425,425.0,OTTS,5.326551087351493e-07,0.3161643324419856,22.0,44.0,5.0,
426,426.0,OTTS,5.42121470471257e-07,0.3181078787893057,22.0,44.0,6.0,
427,427.0,OTTS,5.454718397001116e-07,0.3244073586538434,22.0,44.0,7.0,
428,428.0,OTTS,4.720100219744631e-07,0.3037986923009157,22.0,44.0,8.0,
429,429.0,OTTS,4.282999240571794e-07,0.3106945557519793,22.0,44.0,9.0,
430,430.0,OTTS,4.201334641255768e-07,0.3076740549877286,22.0,44.0,10.0,
431,431.0,OTTS,6.324889482717148e-07,0.3734716139733791,22.0,44.0,11.0,
432,432.0,OTTS,5.177353594625693e-07,0.3299788814038038,22.0,44.0,12.0,
433,433.0,OTTS,5.586195089304732e-07,0.3124023899435997,22.0,44.0,13.0,
434,434.0,OTTS,4.865413076331317e-07,0.3295735977590084,22.0,44.0,14.0,
435,435.0,OTTS,5.893347367000386e-07,0.3228243310004473,22.0,44.0,15.0,
436,436.0,OTTS,5.064602578158452e-07,0.3443226628005504,22.0,44.0,16.0,
437,437.0,OTTS,4.86276759849788e-07,0.3053096830844879,22.0,44.0,17.0,
438,438.0,OTTS,4.656719925044756e-07,0.316677501425147,22.0,44.0,18.0,
439,439.0,OTTS,5.354675045351017e-07,0.3287978675216436,22.0,44.0,19.0,
440,440.0,OTTS,3.761883630014877e-07,0.3393238987773657,23.0,46.0,0.0,
441,441.0,OTTS,4.145839985222149e-07,0.3430337579920888,23.0,46.0,1.0,
442,442.0,OTTS,4.051562993479554e-07,0.3467615358531475,23.0,46.0,2.0,
443,443.0,OTTS,3.868096463278796e-07,0.3230464775115251,23.0,46.0,3.0,
444,444.0,OTTS,3.912630741119948e-07,0.3300070846453309,23.0,46.0,4.0,
445,445.0,OTTS,5.16135595090169e-07,0.3279015254229307,23.0,46.0,5.0,
446,446.0,OTTS,3.627805284014959e-07,0.3460236629471183,23.0,46.0,6.0,
447,447.0,OTTS,3.706554740177178e-07,0.327659560367465,23.0,46.0,7.0,
448,448.0,OTTS,4.5778392079527446e-07,0.3286190899088979,23.0,46.0,8.0,
449,449.0,OTTS,4.637197364240347e-07,0.3488267417997122,23.0,46.0,9.0,
450,450.0,OTTS,4.49191756398148e-07,0.327496986836195,23.0,46.0,10.0,
451,451.0,OTTS,4.140742621920944e-07,0.3419662555679679,23.0,46.0,11.0,
452,452.0,OTTS,3.645894061226256e-07,0.343232057057321,23.0,46.0,12.0,
453,453.0,OTTS,4.298675004744004e-07,0.3404764886945486,23.0,46.0,13.0,
454,454.0,OTTS,3.901667107090807e-07,0.3420798098668456,23.0,46.0,14.0,
455,455.0,OTTS,3.6782785625760123e-07,0.3427827525883913,23.0,46.0,15.0,
456,456.0,OTTS,4.444679280087569e-07,0.3339647585526109,23.0,46.0,16.0,
457,457.0,OTTS,4.529854242836332e-07,0.3406472224742174,23.0,46.0,17.0,
458,458.0,OTTS,3.919108894982356e-07,0.3413608158007264,23.0,46.0,18.0,
459,459.0,OTTS,4.808941015462741e-07,0.3265881910920143,23.0,46.0,19.0,
460,460.0,OTTS,3.3922495329078854e-07,0.3379453113302588,24.0,48.0,0.0,
461,461.0,OTTS,3.063601329834665e-07,0.3555205464363098,24.0,48.0,1.0,
462,462.0,OTTS,3.070077217839319e-07,0.3695993078872561,24.0,48.0,2.0,
463,463.0,OTTS,3.127018204477408e-07,0.344140819273889,24.0,48.0,3.0,
464,464.0,OTTS,3.117978680069611e-07,0.3511866591870785,24.0,48.0,4.0,
465,465.0,OTTS,3.438641005307137e-07,0.3416105955839157,24.0,48.0,5.0,
466,466.0,OTTS,2.684753583441853e-07,0.3510853657498956,24.0,48.0,6.0,
467,467.0,OTTS,3.4257480415965495e-07,0.3598269363865256,24.0,48.0,7.0,
468,468.0,OTTS,3.201346128649332e-07,0.3555433917790651,24.0,48.0,8.0,
469,469.0,OTTS,3.595280900257679e-07,0.3482331400737166,24.0,48.0,9.0,
470,470.0,OTTS,3.294668307659736e-07,0.3593018660321831,24.0,48.0,10.0,
471,471.0,OTTS,3.686830006658763e-07,0.3638653308153152,24.0,48.0,11.0,
472,472.0,OTTS,3.674296588342789e-07,0.3593503329902887,24.0,48.0,12.0,
473,473.0,OTTS,3.392800118487494e-07,0.3622737852856517,24.0,48.0,13.0,
474,474.0,OTTS,3.274442864774998e-07,0.3555311160162091,24.0,48.0,14.0,
475,475.0,OTTS,3.370090653568036e-07,0.3563788728788495,24.0,48.0,15.0,
476,476.0,OTTS,3.467240550191574e-07,0.362980262376368,24.0,48.0,16.0,
477,477.0,OTTS,3.2464405564022225e-07,0.3659847769886255,24.0,48.0,17.0,
478,478.0,OTTS,4.159582600552518e-07,0.3889603745192289,24.0,48.0,18.0,
479,479.0,OTTS,3.7826892009903786e-07,0.357163580134511,24.0,48.0,19.0,
480,480.0,OTTS,2.670653066563502e-07,0.3682942856103182,25.0,50.0,0.0,
481,481.0,OTTS,2.9713485272380425e-07,0.3704795381054282,25.0,50.0,1.0,
482,482.0,OTTS,3.033888025000368e-07,0.3653141958639025,25.0,50.0,2.0,
483,483.0,OTTS,2.5708885478235495e-07,0.3823232781141996,25.0,50.0,3.0,
484,484.0,OTTS,2.406136079733942e-07,0.3728024093434214,25.0,50.0,4.0,
485,485.0,OTTS,2.888836672028588e-07,0.390065592713654,25.0,50.0,5.0,
486,486.0,OTTS,2.565384688397216e-07,0.3709252988919616,25.0,50.0,6.0,
487,487.0,OTTS,2.770800162652035e-07,0.3639449020847678,25.0,50.0,7.0,
488,488.0,OTTS,2.93600792169383e-07,0.3689760193228721,25.0,50.0,8.0,
489,489.0,OTTS,2.9324357733423333e-07,0.3561713425442576,25.0,50.0,9.0,
490,490.0,OTTS,2.711534300899698e-07,0.3537538144737482,25.0,50.0,10.0,
491,491.0,OTTS,3.436961475193096e-07,0.3579963324591517,25.0,50.0,11.0,
492,492.0,OTTS,2.700162316061124e-07,0.3643581327050924,25.0,50.0,12.0,
493,493.0,OTTS,3.422531629801323e-07,0.3667138544842601,25.0,50.0,13.0,
494,494.0,OTTS,3.169632768503154e-07,0.3707239758223295,25.0,50.0,14.0,
495,495.0,OTTS,2.524910237799338e-07,0.3690119832754135,25.0,50.0,15.0,
496,496.0,OTTS,2.597489030189131e-07,0.362163171172142,25.0,50.0,16.0,
497,497.0,OTTS,3.554615496934942e-07,0.3676779801025986,25.0,50.0,17.0,
498,498.0,OTTS,2.73525096855661e-07,0.3512197500094771,25.0,50.0,18.0,
499,499.0,OTTS,2.745129648880608e-07,0.3719870913773775,25.0,50.0,19.0,
500,500.0,OTTS,2.463132792602874e-07,0.3943957220762968,26.0,52.0,0.0,
501,501.0,OTTS,2.3434942547646306e-07,0.3895066296681762,26.0,52.0,1.0,
502,502.0,OTTS,2.720011612101609e-07,0.3773717805743217,26.0,52.0,2.0,
503,503.0,OTTS,2.296487842927068e-07,0.3858318449929356,26.0,52.0,3.0,
504,504.0,OTTS,2.2070474687977458e-07,0.4042287738993764,26.0,52.0,4.0,
505,505.0,OTTS,2.456612200580576e-07,0.3899484435096383,26.0,52.0,5.0,
506,506.0,OTTS,2.317686788966869e-07,0.3779913717880845,26.0,52.0,6.0,
507,507.0,OTTS,2.3271225077063765e-07,0.374662303365767,26.0,52.0,7.0,
508,508.0,OTTS,2.436608896801606e-07,0.3756306320428848,26.0,52.0,8.0,
509,509.0,OTTS,2.088410276067833e-07,0.3752649817615747,26.0,52.0,9.0,
510,510.0,OTTS,2.23597486622271e-07,0.3846865631639957,26.0,52.0,10.0,
511,511.0,OTTS,2.138270298587209e-07,0.3981853434816003,26.0,52.0,11.0,
512,512.0,OTTS,2.617945170040458e-07,0.3809382990002632,26.0,52.0,12.0,
513,513.0,OTTS,2.4726097417718335e-07,0.3755789352580905,26.0,52.0,13.0,
514,514.0,OTTS,2.395458051633784e-07,0.3895913893356919,26.0,52.0,14.0,
515,515.0,OTTS,2.318004059444813e-07,0.3770293332636356,26.0,52.0,15.0,
516,516.0,OTTS,2.660373873040477e-07,0.3649639375507831,26.0,52.0,16.0,
517,517.0,OTTS,2.2508405216894507e-07,0.3854078678414225,26.0,52.0,17.0,
518,518.0,OTTS,2.638676680011585e-07,0.3731592446565628,26.0,52.0,18.0,
519,519.0,OTTS,2.388546142333534e-07,0.3855253057554364,26.0,52.0,19.0,
520,520.0,OTTS,1.933426557924087e-07,0.3927353676408529,27.0,54.0,0.0,
521,521.0,OTTS,2.3930432392903774e-07,0.4367781346663832,27.0,54.0,1.0,
522,522.0,OTTS,2.225508296205496e-07,0.3995731025934219,27.0,54.0,2.0,
523,523.0,OTTS,1.8993740828364437e-07,0.4052865384146571,27.0,54.0,3.0,
524,524.0,OTTS,2.1358507408752907e-07,0.3944487599655986,27.0,54.0,4.0,
525,525.0,OTTS,2.3696591173308957e-07,0.4010002268478274,27.0,54.0,5.0,
526,526.0,OTTS,2.127527512481237e-07,0.3957526348531246,27.0,54.0,6.0,
527,527.0,OTTS,2.167939161129758e-07,0.3995322715491056,27.0,54.0,7.0,
528,528.0,OTTS,2.0382726219543458e-07,0.4092247653752565,27.0,54.0,8.0,
529,529.0,OTTS,2.218453842599631e-07,0.3898946652188897,27.0,54.0,9.0,
530,530.0,OTTS,2.203303168273983e-07,0.4083433682098984,27.0,54.0,10.0,
531,531.0,OTTS,2.091175508169614e-07,0.4035141132771969,27.0,54.0,11.0,
532,532.0,OTTS,2.139209779138497e-07,0.4037875505164265,27.0,54.0,12.0,
533,533.0,OTTS,2.1530001040385894e-07,0.4025993319228291,27.0,54.0,13.0,
534,534.0,OTTS,2.210999215429257e-07,0.3897124184295535,27.0,54.0,14.0,
535,535.0,OTTS,1.8795650013473558e-07,0.4047795739024877,27.0,54.0,15.0,
536,536.0,OTTS,1.7989859511455414e-07,0.3843054426833987,27.0,54.0,16.0,
537,537.0,OTTS,2.087377642010172e-07,0.3992157150059938,27.0,54.0,17.0,
538,538.0,OTTS,1.617618822482693e-07,0.4021183243021369,27.0,54.0,18.0,
539,539.0,OTTS,2.039123556471191e-07,0.3977508461102843,27.0,54.0,19.0,
540,540.0,OTTS,1.6432458034243694e-07,0.4331371448934078,28.0,56.0,0.0,
541,541.0,OTTS,2.064236809308036e-07,0.4146065702661872,28.0,56.0,1.0,
542,542.0,OTTS,1.5530848013839274e-07,0.4178632833063602,28.0,56.0,2.0,
543,543.0,OTTS,1.6549781516523867e-07,0.4080127077177167,28.0,56.0,3.0,
544,544.0,OTTS,1.8010082100631407e-07,0.4230260495096445,28.0,56.0,4.0,
545,545.0,OTTS,1.4818638848200085e-07,0.4139721607789397,28.0,56.0,5.0,
546,546.0,OTTS,1.5985606214033018e-07,0.4095946168527007,28.0,56.0,6.0,
547,547.0,OTTS,1.8810934989814085e-07,0.4099896373227238,28.0,56.0,7.0,
548,548.0,OTTS,1.5651201372541306e-07,0.4020090820267796,28.0,56.0,8.0,
549,549.0,OTTS,1.6090643061721064e-07,0.4121086243540048,28.0,56.0,9.0,
550,550.0,OTTS,1.8208493053055358e-07,0.4268483081832528,28.0,56.0,10.0,
551,551.0,OTTS,1.510014036687455e-07,0.4404914919286966,28.0,56.0,11.0,
552,552.0,OTTS,1.6871593479205345e-07,0.4126940676942467,28.0,56.0,12.0,
553,553.0,OTTS,1.7541252888112557e-07,0.4102511368691921,28.0,56.0,13.0,
554,554.0,OTTS,1.599478813785879e-07,0.4135608784854412,28.0,56.0,14.0,
555,555.0,OTTS,1.7306763626471405e-07,0.4200613154098391,28.0,56.0,15.0,
556,556.0,OTTS,1.7027926747448777e-07,0.4160712491720915,28.0,56.0,16.0,
557,557.0,OTTS,2.0078124249746706e-07,0.4402295108884573,28.0,56.0,17.0,
558,558.0,OTTS,1.6405992217333278e-07,0.4079799838364124,28.0,56.0,18.0,
559,559.0,OTTS,1.6485386158427525e-07,0.4023790974169969,28.0,56.0,19.0,
560,560.0,OTTS,1.37322860987492e-07,0.4293786184862256,29.0,58.0,0.0,
561,561.0,OTTS,1.47231104773529e-07,0.4344445485621691,29.0,58.0,1.0,
562,562.0,OTTS,1.798419428097928e-07,0.4310549087822437,29.0,58.0,2.0,
563,563.0,OTTS,1.492108109392081e-07,0.4504115665331483,29.0,58.0,3.0,
564,564.0,OTTS,1.4743884877925406e-07,0.4197637885808944,29.0,58.0,4.0,
565,565.0,OTTS,1.644439248856392e-07,0.4275598740205169,29.0,58.0,5.0,
566,566.0,OTTS,1.3647994346516428e-07,0.4391797222197056,29.0,58.0,6.0,
567,567.0,OTTS,1.352382895963406e-07,0.4278264082968235,29.0,58.0,7.0,
568,568.0,OTTS,1.539445187004713e-07,0.4363953815773129,29.0,58.0,8.0,
569,569.0,OTTS,1.5384139821412505e-07,0.4678137823939323,29.0,58.0,9.0,
570,570.0,OTTS,1.3979538374456597e-07,0.4248997904360294,29.0,58.0,10.0,
571,571.0,OTTS,1.5502409306324278e-07,0.4272727034986019,29.0,58.0,11.0,
572,572.0,OTTS,1.3849326789126274e-07,0.4236308708786964,29.0,58.0,12.0,
573,573.0,OTTS,1.4175357838873345e-07,0.4338492369279265,29.0,58.0,13.0,
574,574.0,OTTS,1.5972540586555438e-07,0.4224805934354663,29.0,58.0,14.0,
575,575.0,OTTS,1.4484217944220756e-07,0.4527270374819636,29.0,58.0,15.0,
576,576.0,OTTS,1.5298833459692848e-07,0.4335403041914105,29.0,58.0,16.0,
577,577.0,OTTS,1.4289001729016552e-07,0.4369950955733657,29.0,58.0,17.0,
578,578.0,OTTS,1.237380198731567e-07,0.4228517785668373,29.0,58.0,18.0,
579,579.0,OTTS,1.382655791576551e-07,0.4324068427085876,29.0,58.0,19.0,
580,580.0,STTA,0.0365923045329604,0.0332896010950207,1.0,2.0,0.0,
581,581.0,STTA,0.047489217927234,0.0359742157161235,1.0,2.0,1.0,
582,582.0,STTA,0.4119622276562059,0.0348097113892436,1.0,2.0,2.0,
583,583.0,STTA,0.0476217300616991,0.034360690973699,1.0,2.0,3.0,
584,584.0,STTA,0.1911227495699594,0.0331806140020489,1.0,2.0,4.0,
585,585.0,STTA,1.5153005951344718,0.0340017639100551,1.0,2.0,5.0,
586,586.0,STTA,0.1835969796739533,0.0345385614782571,1.0,2.0,6.0,
587,587.0,STTA,0.0657059080629464,0.0326196476817131,1.0,2.0,7.0,
588,588.0,STTA,0.0462652891986195,0.0337202446535229,1.0,2.0,8.0,
589,589.0,STTA,0.0527525661309076,0.0355783570557832,1.0,2.0,9.0,
590,590.0,STTA,0.0614394315220109,0.0314830793067812,1.0,2.0,10.0,
591,591.0,STTA,0.170817367079509,0.0314163183793425,1.0,2.0,11.0,
592,592.0,STTA,0.0586133461092308,0.0389967849478125,1.0,2.0,12.0,
593,593.0,STTA,0.0568939889683809,0.035414190031588,1.0,2.0,13.0,
594,594.0,STTA,0.2303182295892823,0.0332290502265095,1.0,2.0,14.0,
595,595.0,STTA,0.9365329958348388,0.0361608639359474,1.0,2.0,15.0,
596,596.0,STTA,0.0498061276537767,0.0342855677008628,1.0,2.0,16.0,
597,597.0,STTA,0.0575427159106617,0.0341229103505611,1.0,2.0,17.0,
598,598.0,STTA,0.4871458627807757,0.0367136038839817,1.0,2.0,18.0,
599,599.0,STTA,0.1087942706587341,0.03445088211447,1.0,2.0,19.0,
600,600.0,STTA,0.0287574475196063,0.036422686651349,2.0,4.0,0.0,
601,601.0,STTA,0.0439693434216705,0.0752163529396057,2.0,4.0,1.0,
602,602.0,STTA,0.0282044287734807,0.0443514864891767,2.0,4.0,2.0,
603,603.0,STTA,0.0511233589644905,0.0367821836844086,2.0,4.0,3.0,
604,604.0,STTA,0.0282983878127846,0.0385276190936565,2.0,4.0,4.0,
605,605.0,STTA,0.0706750956490409,0.0374351646751165,2.0,4.0,5.0,
606,606.0,STTA,0.0237443671219198,0.034952419809997,2.0,4.0,6.0,
607,607.0,STTA,0.0265971633522361,0.0376952141523361,2.0,4.0,7.0,
608,608.0,STTA,0.0319678487258144,0.0375325176864862,2.0,4.0,8.0,
609,609.0,STTA,0.0730975070764342,0.036493306979537,2.0,4.0,9.0,
610,610.0,STTA,0.8743987899687017,0.0493815215304493,2.0,4.0,10.0,
611,611.0,STTA,0.0196636903349867,0.0431886464357376,2.0,4.0,11.0,
612,612.0,STTA,0.0335757702704629,0.0387700079008936,2.0,4.0,12.0,
613,613.0,STTA,0.0397144497341874,0.0442232573404908,2.0,4.0,13.0,
614,614.0,STTA,0.0173844056648823,0.0368174761533737,2.0,4.0,14.0,
615,615.0,STTA,0.0313360046133692,0.0360148567706346,2.0,4.0,15.0,
616,616.0,STTA,0.0543422343039819,0.0395734217017889,2.0,4.0,16.0,
617,617.0,STTA,0.1942524927033607,0.0382061954587698,2.0,4.0,17.0,
618,618.0,STTA,0.0485333507130356,0.0410732058808207,2.0,4.0,18.0,
619,619.0,STTA,0.0218704143164934,0.0838353661820292,2.0,4.0,19.0,
620,620.0,STTA,0.0137447311841934,0.0618174113333225,3.0,6.0,0.0,
621,621.0,STTA,0.0034849549275209,0.0391472280025482,3.0,6.0,1.0,
622,622.0,STTA,0.0106376494960199,0.0529433125630021,3.0,6.0,2.0,
623,623.0,STTA,0.0114536891875652,0.048288051970303,3.0,6.0,3.0,
624,624.0,STTA,0.0316160533569845,0.0432868301868438,3.0,6.0,4.0,
625,625.0,STTA,0.0055475294609806,0.0393317835405468,3.0,6.0,5.0,
626,626.0,STTA,0.0036794383815212,0.0438620820641517,3.0,6.0,6.0,
627,627.0,STTA,0.0093282538258612,0.0418083015829324,3.0,6.0,7.0,
628,628.0,STTA,0.015980471696438,0.0432999553158879,3.0,6.0,8.0,
629,629.0,STTA,0.0108520979240296,0.03870146907866,3.0,6.0,9.0,
630,630.0,STTA,0.0123879720668145,0.0407213568687438,3.0,6.0,10.0,
631,631.0,STTA,0.0074660714969997,0.0449344161897897,3.0,6.0,11.0,
632,632.0,STTA,0.0053717499870314,0.0412430875003337,3.0,6.0,12.0,
633,633.0,STTA,0.0331894603326127,0.0382171878591179,3.0,6.0,13.0,
634,634.0,STTA,0.0219044974750025,0.0393202900886535,3.0,6.0,14.0,
635,635.0,STTA,0.0128173498157045,0.0384053066372871,3.0,6.0,15.0,
636,636.0,STTA,0.0066036415789143,0.0375262135639786,3.0,6.0,16.0,
637,637.0,STTA,0.0095346890071582,0.0391900530084967,3.0,6.0,17.0,
638,638.0,STTA,0.0169243661167875,0.0359601648524403,3.0,6.0,18.0,
639,639.0,STTA,0.0141660591192594,0.0375389466062188,3.0,6.0,19.0,
640,640.0,STTA,0.0010914501017054,0.0391596285626292,4.0,8.0,0.0,
641,641.0,STTA,0.0010113496492271,0.0429950449615716,4.0,8.0,1.0,
642,642.0,STTA,0.0019032949336447,0.0383182419463992,4.0,8.0,2.0,
643,643.0,STTA,0.0015091736985726,0.038179563358426,4.0,8.0,3.0,
644,644.0,STTA,0.0028611179848027,0.0436825742945075,4.0,8.0,4.0,
645,645.0,STTA,0.0222084852744433,0.052446044050157,4.0,8.0,5.0,
646,646.0,STTA,0.0035725435550365,0.038574150763452,4.0,8.0,6.0,
647,647.0,STTA,0.0040379816455778,0.0460017099976539,4.0,8.0,7.0,
648,648.0,STTA,0.0025437778932636,0.0481093684211373,4.0,8.0,8.0,
649,649.0,STTA,0.0049521202472638,0.0389207601547241,4.0,8.0,9.0,
650,650.0,STTA,0.0028613440604579,0.0769504215568304,4.0,8.0,10.0,
651,651.0,STTA,0.0069365032399901,0.0565027259290218,4.0,8.0,11.0,
652,652.0,STTA,0.0032712280009462,0.0463192127645015,4.0,8.0,12.0,
653,653.0,STTA,0.0078703782422067,0.0433135535567998,4.0,8.0,13.0,
654,654.0,STTA,0.0039193536100183,0.0872011287137866,4.0,8.0,14.0,
655,655.0,STTA,0.0012998770924506,0.0792172430083155,4.0,8.0,15.0,
656,656.0,STTA,0.004714336249069,0.0457880850881338,4.0,8.0,16.0,
657,657.0,STTA,0.0030982812269684,0.0362240700051188,4.0,8.0,17.0,
658,658.0,STTA,0.0040355498843703,0.0483007691800594,4.0,8.0,18.0,
659,659.0,STTA,0.0019169114738315,0.0377980871126055,4.0,8.0,19.0,
660,660.0,STTA,0.0007947068666793,0.0409392630681395,5.0,10.0,0.0,
661,661.0,STTA,0.0010388625996119,0.038147784769535,5.0,10.0,1.0,
662,662.0,STTA,0.0027763260863449,0.0415581837296485,5.0,10.0,2.0,
663,663.0,STTA,0.0036700097366331,0.1064322600141167,5.0,10.0,3.0,
664,664.0,STTA,0.0021238958885091,0.0496263597160577,5.0,10.0,4.0,
665,665.0,STTA,0.0010951175209581,0.0571392541751265,5.0,10.0,5.0,
666,666.0,STTA,0.0016918987382974,0.037069515325129,5.0,10.0,6.0,
667,667.0,STTA,0.0011914092149968,0.0640467843040824,5.0,10.0,7.0,
668,668.0,STTA,0.0026724277108763,0.0398267582058906,5.0,10.0,8.0,
669,669.0,STTA,0.0015128855922148,0.0609625959768891,5.0,10.0,9.0,
670,670.0,STTA,0.0016385368363923,0.040703160688281,5.0,10.0,10.0,
671,671.0,STTA,0.0014821996801737,0.066681713797152,5.0,10.0,11.0,
672,672.0,STTA,0.0008878393774664,0.0385766923427581,5.0,10.0,12.0,
673,673.0,STTA,0.0011522547532069,0.0642100097611546,5.0,10.0,13.0,
674,674.0,STTA,0.0018948836068359,0.0474625537171959,5.0,10.0,14.0,
675,675.0,STTA,0.0018762634601219,0.0847846576943993,5.0,10.0,15.0,
676,676.0,STTA,0.001090355907244,0.0395486485213041,5.0,10.0,16.0,
677,677.0,STTA,0.0025050726749074,0.0439704563468694,5.0,10.0,17.0,
678,678.0,STTA,0.0017483683616098,0.0400117449462413,5.0,10.0,18.0,
679,679.0,STTA,0.0011254767744324,0.0415802104398608,5.0,10.0,19.0,
680,680.0,STTA,0.0008315749893907,0.0477756522595882,6.0,12.0,0.0,
681,681.0,STTA,0.0009607459853996,0.0466675031930208,6.0,12.0,1.0,
682,682.0,STTA,0.000623404471244,0.0601586839184165,6.0,12.0,2.0,
683,683.0,STTA,0.0007192998408152,0.0389225650578737,6.0,12.0,3.0,
684,684.0,STTA,0.0005676283930671,0.0465483693405985,6.0,12.0,4.0,
685,685.0,STTA,0.0005438992513616,0.0406460249796509,6.0,12.0,5.0,
686,686.0,STTA,0.0008453239577812,0.0616609621793031,6.0,12.0,6.0,
687,687.0,STTA,0.0016718436008939,0.0416394108906388,6.0,12.0,7.0,
688,688.0,STTA,0.0004889261668156,0.041284542530775,6.0,12.0,8.0,
689,689.0,STTA,0.0006026091230982,0.0533373225480318,6.0,12.0,9.0,
690,690.0,STTA,0.0006814089059478,0.0618156651034951,6.0,12.0,10.0,
691,691.0,STTA,0.0010358997398666,0.0509307449683547,6.0,12.0,11.0,
692,692.0,STTA,0.0005026114622179,0.05438675545156,6.0,12.0,12.0,
693,693.0,STTA,0.0006752126674044,0.0465285293757915,6.0,12.0,13.0,
694,694.0,STTA,0.0013301802205164,0.0490239113569259,6.0,12.0,14.0,
695,695.0,STTA,0.0008792730270977,0.0419979151338338,6.0,12.0,15.0,
696,696.0,STTA,0.0005890900956025,0.0430415226146578,6.0,12.0,16.0,
697,697.0,STTA,0.0005045305467609,0.0383911589160561,6.0,12.0,17.0,
698,698.0,STTA,0.0004902736728502,0.0618166243657469,6.0,12.0,18.0,
699,699.0,STTA,0.0002865923295326,0.0387995447963476,6.0,12.0,19.0,
700,700.0,STTA,0.000507897464809,0.062204142101109,7.0,14.0,0.0,
701,701.0,STTA,0.000619720386269,0.0578900557011365,7.0,14.0,1.0,
702,702.0,STTA,0.0001790521192996,0.0873994836583733,7.0,14.0,2.0,
703,703.0,STTA,0.0004357968422017,0.0451599797233939,7.0,14.0,3.0,
704,704.0,STTA,0.0005016924223536,0.0614533759653568,7.0,14.0,4.0,
705,705.0,STTA,0.0003468875998366,0.0408933060243725,7.0,14.0,5.0,
706,706.0,STTA,0.0002938831592166,0.0570229068398475,7.0,14.0,6.0,
707,707.0,STTA,0.0003873972996741,0.051037204451859,7.0,14.0,7.0,
708,708.0,STTA,0.0005073190670421,0.0614688722416758,7.0,14.0,8.0,
709,709.0,STTA,0.0002980338429629,0.043986321426928,7.0,14.0,9.0,
710,710.0,STTA,0.0001705718580323,0.0623468151316046,7.0,14.0,10.0,
711,711.0,STTA,0.0003811246623726,0.0411131437867879,7.0,14.0,11.0,
712,712.0,STTA,0.0002957102018333,0.0680188089609146,7.0,14.0,12.0,
713,713.0,STTA,0.0002798052281599,0.0652932738885283,7.0,14.0,13.0,
714,714.0,STTA,0.0002361123878959,0.090735275298357,7.0,14.0,14.0,
715,715.0,STTA,0.0003744739815305,0.0415991256013512,7.0,14.0,15.0,
716,716.0,STTA,0.0003437199891254,0.0630833199247717,7.0,14.0,16.0,
717,717.0,STTA,0.000207288677072,0.074524400755763,7.0,14.0,17.0,
718,718.0,STTA,0.0003808622321529,0.049127378500998,7.0,14.0,18.0,
719,719.0,STTA,0.0002718001675091,0.0556495087221264,7.0,14.0,19.0,
720,720.0,STTA,0.0002645574779788,0.048371841199696,8.0,16.0,0.0,
721,721.0,STTA,0.000166697353801,0.044194059446454,8.0,16.0,1.0,
722,722.0,STTA,0.0002195033737744,0.0392271401360631,8.0,16.0,2.0,
723,723.0,STTA,0.0001147522378944,0.0350478161126375,8.0,16.0,3.0,
724,724.0,STTA,0.0001941166101812,0.0429792152717709,8.0,16.0,4.0,
725,725.0,STTA,9.510038616550275e-05,0.0515200123190879,8.0,16.0,5.0,
726,726.0,STTA,0.0001625550309213,0.0448995949700474,8.0,16.0,6.0,
727,727.0,STTA,0.0001418527413853,0.0865870369598269,8.0,16.0,7.0,
728,728.0,STTA,0.0002590514633979,0.0433100117370486,8.0,16.0,8.0,
729,729.0,STTA,0.0001956500150516,0.0740837138146162,8.0,16.0,9.0,
730,730.0,STTA,0.0001370359847792,0.0430104145780205,8.0,16.0,10.0,
731,731.0,STTA,0.0001771826554364,0.0451396415010094,8.0,16.0,11.0,
732,732.0,STTA,0.0002435539295197,0.0429415209218859,8.0,16.0,12.0,
733,733.0,STTA,0.0001748962715891,0.0437862426042556,8.0,16.0,13.0,
734,734.0,STTA,0.0002205314852809,0.0423129806295037,8.0,16.0,14.0,
735,735.0,STTA,0.0001830299348428,0.0459444532170891,8.0,16.0,15.0,
736,736.0,STTA,0.0001893238866408,0.0419839294627308,8.0,16.0,16.0,
737,737.0,STTA,0.0001179310709151,0.0434070993214845,8.0,16.0,17.0,
738,738.0,STTA,0.0001375587117959,0.04152771551162,8.0,16.0,18.0,
739,739.0,STTA,0.0001496543271765,0.0460983179509639,8.0,16.0,19.0,
740,740.0,STTA,8.08436792197245e-05,0.0434581553563475,9.0,18.0,0.0,
741,741.0,STTA,0.0001013167112052,0.0456388108432292,9.0,18.0,1.0,
742,742.0,STTA,0.0002659128032591,0.0429223794490098,9.0,18.0,2.0,
743,743.0,STTA,6.518144722810306e-05,0.046306986361742,9.0,18.0,3.0,
744,744.0,STTA,0.0001128867634037,0.0438908003270626,9.0,18.0,4.0,
745,745.0,STTA,8.84291889661475e-05,0.0443254373967647,9.0,18.0,5.0,
746,746.0,STTA,0.0001201900959329,0.0428701154887676,9.0,18.0,6.0,
747,747.0,STTA,9.780831621457084e-05,0.0460885651409626,9.0,18.0,7.0,
748,748.0,STTA,0.0001337394436836,0.0426398804411292,9.0,18.0,8.0,
749,749.0,STTA,7.735123528715448e-05,0.0458917338401079,9.0,18.0,9.0,
750,750.0,STTA,6.451629447077666e-05,0.0434468928724527,9.0,18.0,10.0,
751,751.0,STTA,0.0001208466800328,0.0873642135411501,9.0,18.0,11.0,
752,752.0,STTA,0.0001067551733454,0.0511412862688303,9.0,18.0,12.0,
753,753.0,STTA,8.018114438711451e-05,0.0492825396358966,9.0,18.0,13.0,
754,754.0,STTA,7.769565973941453e-05,0.0461423434317112,9.0,18.0,14.0,
755,755.0,STTA,8.8501424920595e-05,0.0519594959914684,9.0,18.0,15.0,
756,756.0,STTA,0.0001158060253538,0.0451376121491193,9.0,18.0,16.0,
757,757.0,STTA,0.0001092262687224,0.0490759816020727,9.0,18.0,17.0,
758,758.0,STTA,6.730939385271578e-05,0.0441288221627473,9.0,18.0,18.0,
759,759.0,STTA,0.000113619614754,0.0511013092473149,9.0,18.0,19.0,
760,760.0,STTA,7.336798580322904e-05,0.0465355869382619,10.0,20.0,0.0,
761,761.0,STTA,4.6544284798010486e-05,0.0539974560961127,10.0,20.0,1.0,
762,762.0,STTA,7.679682692005859e-05,0.0466361436992883,10.0,20.0,2.0,
763,763.0,STTA,6.21584727049932e-05,0.0959431137889623,10.0,20.0,3.0,
764,764.0,STTA,5.196119663569482e-05,0.046026499941945,10.0,20.0,4.0,
765,765.0,STTA,9.342983116070384e-05,0.0725551480427384,10.0,20.0,5.0,
766,766.0,STTA,5.328360020591947e-05,0.0507790641859173,10.0,20.0,6.0,
767,767.0,STTA,9.076576779251774e-05,0.0569203831255435,10.0,20.0,7.0,
768,768.0,STTA,4.860748762800455e-05,0.0458603808656334,10.0,20.0,8.0,
769,769.0,STTA,6.242092080004979e-05,0.0480827372521162,10.0,20.0,9.0,
770,770.0,STTA,4.194885868817912e-05,0.0572257712483406,10.0,20.0,10.0,
771,771.0,STTA,6.436602363625861e-05,0.0502431318163871,10.0,20.0,11.0,
772,772.0,STTA,5.594617010809492e-05,0.0444253254681825,10.0,20.0,12.0,
773,773.0,STTA,4.402157033527492e-05,0.0466449595987796,10.0,20.0,13.0,
774,774.0,STTA,0.0001274476658524,0.0451509905979037,10.0,20.0,14.0,
775,775.0,STTA,7.193162484827498e-05,0.0543589396402239,10.0,20.0,15.0,
776,776.0,STTA,5.64232872238748e-05,0.0520079964771866,10.0,20.0,16.0,
777,777.0,STTA,3.4211442145075e-05,0.0506307622417807,10.0,20.0,17.0,
778,778.0,STTA,5.811196101618252e-05,0.0454926704987883,10.0,20.0,18.0,
779,779.0,STTA,7.46787593363831e-05,0.0511837666854262,10.0,20.0,19.0,
780,780.0,STTA,6.436922292310892e-05,0.0495185023173689,11.0,22.0,0.0,
781,781.0,STTA,5.718202200670467e-05,0.0552730299532413,11.0,22.0,1.0,
782,782.0,STTA,5.092446539034591e-05,0.0496928850188851,11.0,22.0,2.0,
783,783.0,STTA,6.106588695641988e-05,0.0610035043209791,11.0,22.0,3.0,
784,784.0,STTA,3.353874606722096e-05,0.0535309901461005,11.0,22.0,4.0,
785,785.0,STTA,4.294071910605305e-05,0.0610369136556983,11.0,22.0,5.0,
786,786.0,STTA,2.9176291473201965e-05,0.0480154557153582,11.0,22.0,6.0,
787,787.0,STTA,3.5670470038959987e-05,0.0842998949810862,11.0,22.0,7.0,
788,788.0,STTA,5.365389450955169e-05,0.080774980597198,11.0,22.0,8.0,
789,789.0,STTA,4.7620661476601177e-05,0.0522809457033872,11.0,22.0,9.0,
790,790.0,STTA,2.6676173056221043e-05,0.0519593264907598,11.0,22.0,10.0,
791,791.0,STTA,4.351447247203093e-05,0.0533692874014377,11.0,22.0,11.0,
792,792.0,STTA,3.435883798723408e-05,0.0466849217191338,11.0,22.0,12.0,
793,793.0,STTA,5.780304152019737e-05,0.0509734563529491,11.0,22.0,13.0,
794,794.0,STTA,5.643660432507762e-05,0.0589426876977086,11.0,22.0,14.0,
795,795.0,STTA,3.006776509990139e-05,0.0596212856471538,11.0,22.0,15.0,
796,796.0,STTA,3.68672722324687e-05,0.0610880693420767,11.0,22.0,16.0,
797,797.0,STTA,2.7157166215055277e-05,0.0544380061328411,11.0,22.0,17.0,
798,798.0,STTA,3.3864582345453685e-05,0.0562484860420227,11.0,22.0,18.0,
799,799.0,STTA,4.1766689743295e-05,0.0616648672148585,11.0,22.0,19.0,
800,800.0,STTA,2.3960144354534945e-05,0.088536343537271,12.0,24.0,0.0,
801,801.0,STTA,3.5960356031953595e-05,0.0528551479801535,12.0,24.0,1.0,
802,802.0,STTA,3.94971107176983e-05,0.05120784137398,12.0,24.0,2.0,
803,803.0,STTA,3.838725898380671e-05,0.050581089220941,12.0,24.0,3.0,
804,804.0,STTA,3.455907794898153e-05,0.0473339315503835,12.0,24.0,4.0,
805,805.0,STTA,2.483209572241925e-05,0.0779511090368032,12.0,24.0,5.0,
806,806.0,STTA,3.74567789050746e-05,0.047481782734394,12.0,24.0,6.0,
807,807.0,STTA,2.08782966127981e-05,0.0561601826921105,12.0,24.0,7.0,
808,808.0,STTA,2.175475050285616e-05,0.0504196342080831,12.0,24.0,8.0,
809,809.0,STTA,2.004853050385664e-05,0.0568358525633811,12.0,24.0,9.0,
810,810.0,STTA,4.001199524129755e-05,0.051616177894175,12.0,24.0,10.0,
811,811.0,STTA,3.9096570869995095e-05,0.0585821736603975,12.0,24.0,11.0,
812,812.0,STTA,1.8428365581908364e-05,0.0487507041543722,12.0,24.0,12.0,
813,813.0,STTA,2.872339772147005e-05,0.0713260285556316,12.0,24.0,13.0,
814,814.0,STTA,2.387492352198127e-05,0.0542070036754012,12.0,24.0,14.0,
815,815.0,STTA,3.141773754360726e-05,0.0580297345295548,12.0,24.0,15.0,
816,816.0,STTA,1.6794600321880716e-05,0.0514168450608849,12.0,24.0,16.0,
817,817.0,STTA,2.5749658854611887e-05,0.0626033209264278,12.0,24.0,17.0,
818,818.0,STTA,7.68102585969381e-05,0.0487863766029477,12.0,24.0,18.0,
819,819.0,STTA,2.3735877187954678e-05,0.0598984211683273,12.0,24.0,19.0,
820,820.0,STTA,2.018458003298246e-05,0.0518920868635177,13.0,26.0,0.0,
821,821.0,STTA,2.151312836843536e-05,0.0538130784407258,13.0,26.0,1.0,
822,822.0,STTA,1.987723484117493e-05,0.0511728320270776,13.0,26.0,2.0,
823,823.0,STTA,2.024799614979558e-05,0.0538898836821317,13.0,26.0,3.0,
824,824.0,STTA,1.5855485056832106e-05,0.053890535607934,13.0,26.0,4.0,
825,825.0,STTA,1.6138686505495345e-05,0.0812625996768474,13.0,26.0,5.0,
826,826.0,STTA,1.7701095943795886e-05,0.0809839805588126,13.0,26.0,6.0,
827,827.0,STTA,2.0172673568412437e-05,0.0743662556633353,13.0,26.0,7.0,
828,828.0,STTA,1.6504660693347268e-05,0.0553459916263818,13.0,26.0,8.0,
829,829.0,STTA,1.905418234954081e-05,0.056524415500462,13.0,26.0,9.0,
830,830.0,STTA,2.893578127939671e-05,0.0495514282956719,13.0,26.0,10.0,
831,831.0,STTA,1.9257965310386237e-05,0.0630910638719797,13.0,26.0,11.0,
832,832.0,STTA,1.9695848581392505e-05,0.0581797771155834,13.0,26.0,12.0,
833,833.0,STTA,2.6767079052829996e-05,0.0514837335795164,13.0,26.0,13.0,
834,834.0,STTA,1.5938973987639922e-05,0.0560048539191484,13.0,26.0,14.0,
835,835.0,STTA,1.6651462712518715e-05,0.0510075828060507,13.0,26.0,15.0,
836,836.0,STTA,1.1379021877574057e-05,0.0512481592595577,13.0,26.0,16.0,
837,837.0,STTA,2.392271910680612e-05,0.069362461566925,13.0,26.0,17.0,
838,838.0,STTA,2.0517749215361897e-05,0.0629228167235851,13.0,26.0,18.0,
839,839.0,STTA,1.8194223056979275e-05,0.0611156271770596,13.0,26.0,19.0,
840,840.0,STTA,9.593841056084355e-06,0.0638818778097629,14.0,28.0,0.0,
841,841.0,STTA,1.3010048717002807e-05,0.0680923787876963,14.0,28.0,1.0,
842,842.0,STTA,8.83416346907398e-06,0.0570310391485691,14.0,28.0,2.0,
843,843.0,STTA,9.487419607911005e-06,0.0693154996261,14.0,28.0,3.0,
844,844.0,STTA,1.3474189916871626e-05,0.0590291088446974,14.0,28.0,4.0,
845,845.0,STTA,1.0453884497661584e-05,0.0657724011689424,14.0,28.0,5.0,
846,846.0,STTA,9.887073588036632e-06,0.0597151760011911,14.0,28.0,6.0,
847,847.0,STTA,1.3523828923536838e-05,0.0764833763241767,14.0,28.0,7.0,
848,848.0,STTA,9.851702392366467e-06,0.0577976331114769,14.0,28.0,8.0,
849,849.0,STTA,1.4120838916029757e-05,0.0633345078676939,14.0,28.0,9.0,
850,850.0,STTA,1.6133002222751012e-05,0.0640372317284345,14.0,28.0,10.0,
851,851.0,STTA,2.5679855738538748e-05,0.064547436311841,14.0,28.0,11.0,
852,852.0,STTA,1.0299420758125851e-05,0.059756115078926,14.0,28.0,12.0,
853,853.0,STTA,1.6587227071088666e-05,0.0637111542746424,14.0,28.0,13.0,
854,854.0,STTA,1.2713627863930531e-05,0.0557311549782753,14.0,28.0,14.0,
855,855.0,STTA,1.2439986637830186e-05,0.0579114770516753,14.0,28.0,15.0,
856,856.0,STTA,1.4975416197975995e-05,0.0624386277049779,14.0,28.0,16.0,
857,857.0,STTA,1.4730566273120796e-05,0.058202251791954,14.0,28.0,17.0,
858,858.0,STTA,1.7533251469659274e-05,0.0612449515610933,14.0,28.0,18.0,
859,859.0,STTA,1.1479354012596464e-05,0.0913177747279405,14.0,28.0,19.0,
860,860.0,STTA,7.573451416978989e-06,0.054739543236792,15.0,30.0,0.0,
861,861.0,STTA,8.132188566664561e-06,0.0600120956078171,15.0,30.0,1.0,
862,862.0,STTA,1.4304131218158711e-05,0.0615831287577748,15.0,30.0,2.0,
863,863.0,STTA,1.611209366014055e-05,0.0507203843444585,15.0,30.0,3.0,
864,864.0,STTA,7.5738378511336385e-06,0.0443558609113097,15.0,30.0,4.0,
865,865.0,STTA,6.732831393475688e-06,0.0555753596127033,15.0,30.0,5.0,
866,866.0,STTA,8.95839610304048e-06,0.0536778019741177,15.0,30.0,6.0,
867,867.0,STTA,1.050067079225343e-05,0.0792356627061963,15.0,30.0,7.0,
868,868.0,STTA,7.1311556910063975e-06,0.0581076620146632,15.0,30.0,8.0,
869,869.0,STTA,7.162999567722514e-06,0.0670322710648179,15.0,30.0,9.0,
870,870.0,STTA,1.1899743691242124e-05,0.0555448774248361,15.0,30.0,10.0,
871,871.0,STTA,8.864696803153357e-06,0.0962315807119011,15.0,30.0,11.0,
872,872.0,STTA,7.34795702808385e-06,0.0594801548868417,15.0,30.0,12.0,
873,873.0,STTA,9.40884744337452e-06,0.0600148923695087,15.0,30.0,13.0,
874,874.0,STTA,1.0576986522679246e-05,0.0594197222962975,15.0,30.0,14.0,
875,875.0,STTA,1.355821726215604e-05,0.0640067858621478,15.0,30.0,15.0,
876,876.0,STTA,9.346803717417194e-06,0.065626198425889,15.0,30.0,16.0,
877,877.0,STTA,1.566011235647123e-05,0.073917381465435,15.0,30.0,17.0,
878,878.0,STTA,6.452030000924493e-06,0.0563539182767272,15.0,30.0,18.0,
879,879.0,STTA,8.169643407672495e-06,0.0761401783674955,15.0,30.0,19.0,
880,880.0,STTA,9.196521959519048e-06,0.0583913195878267,16.0,32.0,0.0,
881,881.0,STTA,9.796014952729827e-06,0.0755072347819805,16.0,32.0,1.0,
882,882.0,STTA,7.379685160845958e-06,0.0594863165169954,16.0,32.0,2.0,
883,883.0,STTA,6.121907270833029e-06,0.1020984863862395,16.0,32.0,3.0,
884,884.0,STTA,7.259280762941582e-06,0.0565219242125749,16.0,32.0,4.0,
885,885.0,STTA,7.987529745704302e-06,0.0608807690441608,16.0,32.0,5.0,
886,886.0,STTA,6.398630096163883e-06,0.0590017205104231,16.0,32.0,6.0,
887,887.0,STTA,9.837027451298676e-06,0.0541453110054135,16.0,32.0,7.0,
888,888.0,STTA,5.106658385929771e-06,0.0466630151495337,16.0,32.0,8.0,
889,889.0,STTA,8.564553274606812e-06,0.0505001796409487,16.0,32.0,9.0,
890,890.0,STTA,7.375208174910353e-06,0.0590575411915779,16.0,32.0,10.0,
891,891.0,STTA,6.4354326994200085e-06,0.0632162066176533,16.0,32.0,11.0,
892,892.0,STTA,1.048110621301148e-05,0.0561109567061066,16.0,32.0,12.0,
893,893.0,STTA,7.983290221843263e-06,0.0587639408186078,16.0,32.0,13.0,
894,894.0,STTA,6.122031323928548e-06,0.0565652232617139,16.0,32.0,14.0,
895,895.0,STTA,1.4380009476511768e-05,0.0591390281915664,16.0,32.0,15.0,
896,896.0,STTA,7.01157368874028e-06,0.0722175277769565,16.0,32.0,16.0,
897,897.0,STTA,6.033621269457708e-06,0.0675855502486229,16.0,32.0,17.0,
898,898.0,STTA,9.309558302918064e-06,0.0596781745553016,16.0,32.0,18.0,
899,899.0,STTA,5.945035293225123e-06,0.0784665867686271,16.0,32.0,19.0,
900,900.0,STTA,5.281144721862663e-06,0.0645802477374672,17.0,34.0,0.0,
901,901.0,STTA,6.142472511857026e-06,0.0619061458855867,17.0,34.0,1.0,
902,902.0,STTA,4.37892953453021e-06,0.0633881743997335,17.0,34.0,2.0,
903,903.0,STTA,4.265581533084767e-06,0.0686613041907548,17.0,34.0,3.0,
904,904.0,STTA,8.197852856837549e-06,0.0604901975020766,17.0,34.0,4.0,
905,905.0,STTA,7.4773214405910175e-06,0.078619884327054,17.0,34.0,5.0,
906,906.0,STTA,6.224445142853243e-06,0.0585011141374707,17.0,34.0,6.0,
907,907.0,STTA,4.686253632197187e-06,0.0922253634780645,17.0,34.0,7.0,
908,908.0,STTA,8.37754701162963e-06,0.0583928450942039,17.0,34.0,8.0,
909,909.0,STTA,3.7105418844785874e-06,0.0608299784362316,17.0,34.0,9.0,
910,910.0,STTA,7.648443904521834e-06,0.057785247452557,17.0,34.0,10.0,
911,911.0,STTA,4.648100442512903e-06,0.0602269638329744,17.0,34.0,11.0,
912,912.0,STTA,6.073979656698794e-06,0.0619406439363956,17.0,34.0,12.0,
913,913.0,STTA,5.224178499647323e-06,0.0605128556489944,17.0,34.0,13.0,
914,914.0,STTA,8.34124629028753e-06,0.0596093749627471,17.0,34.0,14.0,
915,915.0,STTA,6.480281623941059e-06,0.061958490870893,17.0,34.0,15.0,
916,916.0,STTA,9.763567352474122e-06,0.0593330897390842,17.0,34.0,16.0,
917,917.0,STTA,8.407845696759838e-06,0.059788279235363,17.0,34.0,17.0,
918,918.0,STTA,6.651865043597848e-06,0.0598986176773905,17.0,34.0,18.0,
919,919.0,STTA,4.276134089186907e-06,0.0744776353240013,17.0,34.0,19.0,
920,920.0,STTA,3.7721673100573694e-06,0.0695652617141604,18.0,36.0,0.0,
921,921.0,STTA,5.30000144015506e-06,0.0649718521162867,18.0,36.0,1.0,
922,922.0,STTA,5.206684694707813e-06,0.0653228946030139,18.0,36.0,2.0,
923,923.0,STTA,3.3480278679989508e-06,0.0615493804216384,18.0,36.0,3.0,
924,924.0,STTA,3.518068547871653e-06,0.0698897009715437,18.0,36.0,4.0,
925,925.0,STTA,5.324262731456069e-06,0.0636715870350599,18.0,36.0,5.0,
926,926.0,STTA,4.886243530912094e-06,0.0630503147840499,18.0,36.0,6.0,
927,927.0,STTA,6.046992088706306e-06,0.0608864780515432,18.0,36.0,7.0,
928,928.0,STTA,4.45966232183604e-06,0.0644784113392233,18.0,36.0,8.0,
929,929.0,STTA,4.1756323601971824e-06,0.0610392605885863,18.0,36.0,9.0,
930,930.0,STTA,3.4278644409265355e-06,0.0743763521313667,18.0,36.0,10.0,
931,931.0,STTA,5.15855365491435e-06,0.081348842009902,18.0,36.0,11.0,
932,932.0,STTA,5.303102969273677e-06,0.062025143764913,18.0,36.0,12.0,
933,933.0,STTA,3.7075224537488297e-06,0.0676822792738676,18.0,36.0,13.0,
934,934.0,STTA,6.56333852666457e-06,0.0626709768548607,18.0,36.0,14.0,
935,935.0,STTA,3.8503243637410935e-06,0.0614823633804917,18.0,36.0,15.0,
936,936.0,STTA,3.4941496172707736e-06,0.0628165304660797,18.0,36.0,16.0,
937,937.0,STTA,4.687550038603668e-06,0.0627036606892943,18.0,36.0,17.0,
938,938.0,STTA,4.189641973338799e-06,0.0635542999953031,18.0,36.0,18.0,
939,939.0,STTA,4.182570135796863e-06,0.0621150527149438,18.0,36.0,19.0,
940,940.0,STTA,3.723623754232491e-06,0.0644219787791371,19.0,38.0,0.0,
941,941.0,STTA,3.3249925214212856e-06,0.0638806074857711,19.0,38.0,1.0,
942,942.0,STTA,3.692653192914416e-06,0.0640747053548693,19.0,38.0,2.0,
943,943.0,STTA,4.053342344866836e-06,0.0949519257992506,19.0,38.0,3.0,
944,944.0,STTA,3.147058604524321e-06,0.0623911134898662,19.0,38.0,4.0,
945,945.0,STTA,4.627607876782254e-06,0.0790566941723227,19.0,38.0,5.0,
946,946.0,STTA,2.7583819104012365e-06,0.0653240177780389,19.0,38.0,6.0,
947,947.0,STTA,3.6162152213510526e-06,0.0862401584163308,19.0,38.0,7.0,
948,948.0,STTA,2.729486759374129e-06,0.0612611128017306,19.0,38.0,8.0,
949,949.0,STTA,2.621068023500829e-06,0.071225450374186,19.0,38.0,9.0,
950,950.0,STTA,2.159577597322526e-06,0.0630300287157297,19.0,38.0,10.0,
951,951.0,STTA,3.5077414488953654e-06,0.0831076567992568,19.0,38.0,11.0,
952,952.0,STTA,3.629198187426238e-06,0.0630732076242566,19.0,38.0,12.0,
953,953.0,STTA,4.033246913878294e-06,0.0660126199945807,19.0,38.0,13.0,
954,954.0,STTA,2.307681487633185e-06,0.0619751177728176,19.0,38.0,14.0,
955,955.0,STTA,2.59916222383066e-06,0.0669790785759687,19.0,38.0,15.0,
956,956.0,STTA,3.0086492054633765e-06,0.0649748258292675,19.0,38.0,16.0,
957,957.0,STTA,4.577598970978466e-06,0.0625004908069968,19.0,38.0,17.0,
958,958.0,STTA,3.533874309628129e-06,0.0637585083022713,19.0,38.0,18.0,
959,959.0,STTA,3.2136802916042297e-06,0.0660019479691982,19.0,38.0,19.0,
960,960.0,STTA,3.28514181429177e-06,0.0963646527379751,20.0,40.0,0.0,
961,961.0,STTA,2.107695153082782e-06,0.0661179590970277,20.0,40.0,1.0,
962,962.0,STTA,2.757086497795616e-06,0.0660446500405669,20.0,40.0,2.0,
963,963.0,STTA,1.7266593174618062e-06,0.0672531072050333,20.0,40.0,3.0,
964,964.0,STTA,2.033204256338192e-06,0.0661927331238985,20.0,40.0,4.0,
965,965.0,STTA,3.867338905163516e-06,0.064255598001182,20.0,40.0,5.0,
966,966.0,STTA,3.619631174021143e-06,0.0644313702359795,20.0,40.0,6.0,
967,967.0,STTA,2.754953931163002e-06,0.0692837107926607,20.0,40.0,7.0,
968,968.0,STTA,3.1669727111928314e-06,0.0658820969983935,20.0,40.0,8.0,
969,969.0,STTA,2.3926078104015363e-06,0.0665495656430721,20.0,40.0,9.0,
970,970.0,STTA,3.5865447232110717e-06,0.0663683591410517,20.0,40.0,10.0,
971,971.0,STTA,2.5341581656920128e-06,0.065070079639554,20.0,40.0,11.0,
972,972.0,STTA,3.458117873696251e-06,0.0656407149508595,20.0,40.0,12.0,
973,973.0,STTA,2.6138672395366017e-06,0.0641242200508713,20.0,40.0,13.0,
974,974.0,STTA,2.5143176306339046e-06,0.0661099329590797,20.0,40.0,14.0,
975,975.0,STTA,2.483425735539701e-06,0.0710572777315974,20.0,40.0,15.0,
976,976.0,STTA,2.717394076163408e-06,0.0653394786641001,20.0,40.0,16.0,
977,977.0,STTA,2.555068777309737e-06,0.0721565634012222,20.0,40.0,17.0,
978,978.0,STTA,3.0040516306399154e-06,0.0646759839728474,20.0,40.0,18.0,
979,979.0,STTA,2.452906893628493e-06,0.0667452001944184,20.0,40.0,19.0,
980,980.0,STTA,2.991911085627281e-06,0.0672760736197233,21.0,42.0,0.0,
981,981.0,STTA,2.2342404723040077e-06,0.0672033336013555,21.0,42.0,1.0,
982,982.0,STTA,1.566315088394972e-06,0.0671971896663308,21.0,42.0,2.0,
983,983.0,STTA,1.8398900596163376e-06,0.0684672528877854,21.0,42.0,3.0,
984,984.0,STTA,2.990890171367092e-06,0.0678536277264356,21.0,42.0,4.0,
985,985.0,STTA,2.115763830462419e-06,0.0715851513668894,21.0,42.0,5.0,
986,986.0,STTA,2.0900329147884493e-06,0.0659795477986335,21.0,42.0,6.0,
987,987.0,STTA,2.4519205742201384e-06,0.0731755215674638,21.0,42.0,7.0,
988,988.0,STTA,2.1354958330621825e-06,0.0663232831284403,21.0,42.0,8.0,
989,989.0,STTA,2.200762447536423e-06,0.1014807568863034,21.0,42.0,9.0,
990,990.0,STTA,2.331101111250962e-06,0.0713345538824796,21.0,42.0,10.0,
991,991.0,STTA,2.493527082987284e-06,0.0693528205156326,21.0,42.0,11.0,
992,992.0,STTA,2.7165332598242183e-06,0.0660242484882474,21.0,42.0,12.0,
993,993.0,STTA,2.2990130105254246e-06,0.0670782048255205,21.0,42.0,13.0,
994,994.0,STTA,1.947778547306939e-06,0.068156530149281,21.0,42.0,14.0,
995,995.0,STTA,2.4076244117193395e-06,0.0720052700489759,21.0,42.0,15.0,
996,996.0,STTA,2.388117370924813e-06,0.0702705746516585,21.0,42.0,16.0,
997,997.0,STTA,1.969212862177577e-06,0.0738941477611661,21.0,42.0,17.0,
998,998.0,STTA,2.7387073424077632e-06,0.0701923156157136,21.0,42.0,18.0,
999,999.0,STTA,2.4316078967878563e-06,0.0689659174531698,21.0,42.0,19.0,
1000,1000.0,STTA,2.2446962423938e-06,0.0710089057683944,22.0,44.0,0.0,
1001,1001.0,STTA,1.923374462148462e-06,0.0723965689539909,22.0,44.0,1.0,
1002,1002.0,STTA,1.4378528620425392e-06,0.1068261936306953,22.0,44.0,2.0,
1003,1003.0,STTA,1.777217713657915e-06,0.0704115815460681,22.0,44.0,3.0,
1004,1004.0,STTA,1.8150902708903757e-06,0.0685067838057875,22.0,44.0,4.0,
1005,1005.0,STTA,1.385434956495576e-06,0.0687056938186287,22.0,44.0,5.0,
1006,1006.0,STTA,2.6991123867744604e-06,0.0710895983502268,22.0,44.0,6.0,
1007,1007.0,STTA,1.3501024287180511e-06,0.0740600153803825,22.0,44.0,7.0,
1008,1008.0,STTA,1.514721846492182e-06,0.0700609665364027,22.0,44.0,8.0,
1009,1009.0,STTA,1.880701317368531e-06,0.0803266922011971,22.0,44.0,9.0,
1010,1010.0,STTA,1.5786195509772272e-06,0.066371314227581,22.0,44.0,10.0,
1011,1011.0,STTA,1.821561203378992e-06,0.0736893424764275,22.0,44.0,11.0,
1012,1012.0,STTA,1.2770051943000383e-06,0.0690918425098061,22.0,44.0,12.0,
1013,1013.0,STTA,1.6572577920733704e-06,0.1324319159612059,22.0,44.0,13.0,
1014,1014.0,STTA,1.855618667679536e-06,0.0698426375165581,22.0,44.0,14.0,
1015,1015.0,STTA,1.999279834683279e-06,0.0703845331445336,22.0,44.0,15.0,
1016,1016.0,STTA,1.4905779957883328e-06,0.070875447243452,22.0,44.0,16.0,
1017,1017.0,STTA,2.249480081040306e-06,0.0760464183986187,22.0,44.0,17.0,
1018,1018.0,STTA,2.166460228783195e-06,0.0778399519622325,22.0,44.0,18.0,
1019,1019.0,STTA,1.8370980475430368e-06,0.0766346156597137,22.0,44.0,19.0,
1020,1020.0,STTA,1.4327688933031272e-06,0.0752347577363252,23.0,46.0,0.0,
1021,1021.0,STTA,1.3750369543394262e-06,0.0723543129861354,23.0,46.0,1.0,
1022,1022.0,STTA,1.3603092454712782e-06,0.0744282435625791,23.0,46.0,2.0,
1023,1023.0,STTA,1.1819305205597776e-06,0.0800507999956607,23.0,46.0,3.0,
1024,1024.0,STTA,1.3694038599462604e-06,0.0735759483650326,23.0,46.0,4.0,
1025,1025.0,STTA,1.453603527128162e-06,0.1005177060142159,23.0,46.0,5.0,
1026,1026.0,STTA,1.209835271386248e-06,0.0817719036713242,23.0,46.0,6.0,
1027,1027.0,STTA,1.1947354455330415e-06,0.0693467827513814,23.0,46.0,7.0,
1028,1028.0,STTA,1.451397770101766e-06,0.0815957011654973,23.0,46.0,8.0,
1029,1029.0,STTA,2.019685707334641e-06,0.0821491219103336,23.0,46.0,9.0,
1030,1030.0,STTA,1.6056005148204351e-06,0.0732433469966054,23.0,46.0,10.0,
1031,1031.0,STTA,1.6526776249748405e-06,0.0791404703631997,23.0,46.0,11.0,
1032,1032.0,STTA,1.0786179015163542e-06,0.073364027775824,23.0,46.0,12.0,
1033,1033.0,STTA,1.3779527046657e-06,0.0806032475084066,23.0,46.0,13.0,
1034,1034.0,STTA,1.7794658156517383e-06,0.0798949627205729,23.0,46.0,14.0,
1035,1035.0,STTA,1.5488958471379886e-06,0.0783150168135762,23.0,46.0,15.0,
1036,1036.0,STTA,1.8339751846806072e-06,0.075321533717215,23.0,46.0,16.0,
1037,1037.0,STTA,1.5041308101421045e-06,0.1102228639647364,23.0,46.0,17.0,
1038,1038.0,STTA,1.2070951126948329e-06,0.072674298658967,23.0,46.0,18.0,
1039,1039.0,STTA,1.653256440164644e-06,0.0762630766257643,23.0,46.0,19.0,
1040,1040.0,STTA,1.1976106336804803e-06,0.1437959261238575,24.0,48.0,0.0,
1041,1041.0,STTA,1.3465563776679892e-06,0.1199021534994244,24.0,48.0,1.0,
1042,1042.0,STTA,1.328239311509953e-06,0.075729320757091,24.0,48.0,2.0,
1043,1043.0,STTA,1.072085974628029e-06,0.0758700743317604,24.0,48.0,3.0,
1044,1044.0,STTA,1.2123952695298442e-06,0.0983969233930111,24.0,48.0,4.0,
1045,1045.0,STTA,1.435201555917907e-06,0.0734616490080952,24.0,48.0,5.0,
1046,1046.0,STTA,1.314008410954794e-06,0.0734674772247672,24.0,48.0,6.0,
1047,1047.0,STTA,1.30917248537923e-06,0.0997492000460624,24.0,48.0,7.0,
1048,1048.0,STTA,8.523778383250347e-07,0.0825625415891408,24.0,48.0,8.0,
1049,1049.0,STTA,1.280137872068429e-06,0.0794019913300871,24.0,48.0,9.0,
1050,1050.0,STTA,1.296131073229529e-06,0.0771811790764331,24.0,48.0,10.0,
1051,1051.0,STTA,1.2962315882810949e-06,0.0785256596282124,24.0,48.0,11.0,
1052,1052.0,STTA,1.0683295329497757e-06,0.0762076918035745,24.0,48.0,12.0,
1053,1053.0,STTA,1.1670741863207089e-06,0.0767785515636205,24.0,48.0,13.0,
1054,1054.0,STTA,9.189552308382612e-07,0.0745110586285591,24.0,48.0,14.0,
1055,1055.0,STTA,1.3142552224625398e-06,0.0778840696439147,24.0,48.0,15.0,
1056,1056.0,STTA,1.087065101019016e-06,0.0748002743348479,24.0,48.0,16.0,
1057,1057.0,STTA,1.3379301882944837e-06,0.0756288599222898,24.0,48.0,17.0,
1058,1058.0,STTA,1.1996956188010311e-06,0.0733805820345878,24.0,48.0,18.0,
1059,1059.0,STTA,1.5286567946440695e-06,0.124082094989717,24.0,48.0,19.0,
1060,1060.0,STTA,7.000881088777879e-07,0.0795275196433067,25.0,50.0,0.0,
1061,1061.0,STTA,1.2005308187423473e-06,0.082480601966381,25.0,50.0,1.0,
1062,1062.0,STTA,1.2932503386064805e-06,0.087091532535851,25.0,50.0,2.0,
1063,1063.0,STTA,1.4498880217096871e-06,0.0860944334417581,25.0,50.0,3.0,
1064,1064.0,STTA,8.283822350802656e-07,0.0781959276646375,25.0,50.0,4.0,
1065,1065.0,STTA,1.2281389718903728e-06,0.0800061356276273,25.0,50.0,5.0,
1066,1066.0,STTA,1.1501403334981643e-06,0.0815349351614713,25.0,50.0,6.0,
1067,1067.0,STTA,1.258783967178702e-06,0.0791819570586085,25.0,50.0,7.0,
1068,1068.0,STTA,9.026924810380792e-07,0.0780175933614373,25.0,50.0,8.0,
1069,1069.0,STTA,9.3840822291941e-07,0.0801735380664467,25.0,50.0,9.0,
1070,1070.0,STTA,9.500160716520208e-07,0.0778095014393329,25.0,50.0,10.0,
1071,1071.0,STTA,1.1500753777888095e-06,0.0806563450023531,25.0,50.0,11.0,
1072,1072.0,STTA,8.088410826639064e-07,0.0804996453225612,25.0,50.0,12.0,
1073,1073.0,STTA,9.92785053979078e-07,0.0797300916165113,25.0,50.0,13.0,
1074,1074.0,STTA,8.676518848105645e-07,0.0787536362186074,25.0,50.0,14.0,
1075,1075.0,STTA,1.0510918392340351e-06,0.0808544168248772,25.0,50.0,15.0,
1076,1076.0,STTA,1.0995280043147394e-06,0.0784573191776871,25.0,50.0,16.0,
1077,1077.0,STTA,8.617464964644765e-07,0.0815769638866186,25.0,50.0,17.0,
1078,1078.0,STTA,1.4205926695286352e-06,0.078360223211348,25.0,50.0,18.0,
1079,1079.0,STTA,1.0477489836299546e-06,0.0840998394414782,25.0,50.0,19.0,
1080,1080.0,STTA,7.018270692601445e-07,0.0889556566253304,26.0,52.0,0.0,
1081,1081.0,STTA,8.314681247948418e-07,0.0893159639090299,26.0,52.0,1.0,
1082,1082.0,STTA,7.938445586766511e-07,0.0789397209882736,26.0,52.0,2.0,
1083,1083.0,STTA,7.397238133029113e-07,0.0809387639164924,26.0,52.0,3.0,
1084,1084.0,STTA,8.704833814850627e-07,0.0779632776975631,26.0,52.0,4.0,
1085,1085.0,STTA,8.931963957020527e-07,0.0808880357071757,26.0,52.0,5.0,
1086,1086.0,STTA,7.352470600627364e-07,0.0778358625248074,26.0,52.0,6.0,
1087,1087.0,STTA,9.424756172108704e-07,0.0805549211800098,26.0,52.0,7.0,
1088,1088.0,STTA,7.307070783675563e-07,0.0792550519108772,26.0,52.0,8.0,
1089,1089.0,STTA,6.543006566763729e-07,0.0793553292751312,26.0,52.0,9.0,
1090,1090.0,STTA,6.70298873120161e-07,0.079173388890922,26.0,52.0,10.0,
1091,1091.0,STTA,8.397451785406581e-07,0.0955022312700748,26.0,52.0,11.0,
1092,1092.0,STTA,8.659500580058503e-07,0.0779364351183176,26.0,52.0,12.0,
1093,1093.0,STTA,7.562809939422829e-07,0.0942100510001182,26.0,52.0,13.0,
1094,1094.0,STTA,7.708617673210917e-07,0.0857196794822812,26.0,52.0,14.0,
1095,1095.0,STTA,8.565117289992287e-07,0.0871327724307775,26.0,52.0,15.0,
1096,1096.0,STTA,8.71379578359701e-07,0.083740740083158,26.0,52.0,16.0,
1097,1097.0,STTA,7.827260444787662e-07,0.0886897118762135,26.0,52.0,17.0,
1098,1098.0,STTA,9.455766745542152e-07,0.0791244935244321,26.0,52.0,18.0,
1099,1099.0,STTA,1.0134918476855346e-06,0.0951672857627272,26.0,52.0,19.0,
1100,1100.0,STTA,7.985046253821283e-07,0.0805972125381231,27.0,54.0,0.0,
1101,1101.0,STTA,7.99549576380109e-07,0.0865332037210464,27.0,54.0,1.0,
1102,1102.0,STTA,5.886170114467551e-07,0.0820363648235797,27.0,54.0,2.0,
1103,1103.0,STTA,6.440193993840722e-07,0.0861190930008888,27.0,54.0,3.0,
1104,1104.0,STTA,7.228178478712556e-07,0.0819296929985284,27.0,54.0,4.0,
1105,1105.0,STTA,7.72323245011797e-07,0.0989627428352832,27.0,54.0,5.0,
1106,1106.0,STTA,6.528955018430298e-07,0.0801747133955359,27.0,54.0,6.0,
1107,1107.0,STTA,7.488825657423759e-07,0.0943404976278543,27.0,54.0,7.0,
1108,1108.0,STTA,7.046974018672968e-07,0.0809226268902421,27.0,54.0,8.0,
1109,1109.0,STTA,6.800031039468422e-07,0.0818619970232248,27.0,54.0,9.0,
1110,1110.0,STTA,7.4464268430093e-07,0.0824262034147977,27.0,54.0,10.0,
1111,1111.0,STTA,9.298003543793764e-07,0.0826261676847934,27.0,54.0,11.0,
1112,1112.0,STTA,5.698405233897739e-07,0.0832902994006872,27.0,54.0,12.0,
1113,1113.0,STTA,6.369311399383896e-07,0.0813428508117795,27.0,54.0,13.0,
1114,1114.0,STTA,6.624992638416488e-07,0.0816077832132577,27.0,54.0,14.0,
1115,1115.0,STTA,7.213348019886784e-07,0.0842823544517159,27.0,54.0,15.0,
1116,1116.0,STTA,8.856387446848258e-07,0.0828189309686422,27.0,54.0,16.0,
1117,1117.0,STTA,6.097343196011375e-07,0.0833035809919238,27.0,54.0,17.0,
1118,1118.0,STTA,8.768984036599791e-07,0.0867609810084104,27.0,54.0,18.0,
1119,1119.0,STTA,6.658042753560732e-07,0.0843356363475322,27.0,54.0,19.0,
1120,1120.0,STTA,6.433791369647569e-07,0.0865151844918727,28.0,56.0,0.0,
1121,1121.0,STTA,9.523069912218998e-07,0.0871528834104538,28.0,56.0,1.0,
1122,1122.0,STTA,6.239746132154595e-07,0.0846560122445225,28.0,56.0,2.0,
1123,1123.0,STTA,4.518016451437044e-07,0.0842422265559434,28.0,56.0,3.0,
1124,1124.0,STTA,5.7312221924766e-07,0.084278198890388,28.0,56.0,4.0,
1125,1125.0,STTA,6.410992426144475e-07,0.0850964905694127,28.0,56.0,5.0,
1126,1126.0,STTA,6.057486952016914e-07,0.085114860907197,28.0,56.0,6.0,
1127,1127.0,STTA,6.385936605249067e-07,0.0844605304300785,28.0,56.0,7.0,
1128,1128.0,STTA,6.912188039484556e-07,0.0852351645007729,28.0,56.0,8.0,
1129,1129.0,STTA,6.040463379941245e-07,0.0958837531507015,28.0,56.0,9.0,
1130,1130.0,STTA,4.5378004425678506e-07,0.0931195532903075,28.0,56.0,10.0,
1131,1131.0,STTA,5.78521024852491e-07,0.0842271326109767,28.0,56.0,11.0,
1132,1132.0,STTA,5.266203778038852e-07,0.0845968537032604,28.0,56.0,12.0,
1133,1133.0,STTA,6.159074498786519e-07,0.0858855526894331,28.0,56.0,13.0,
1134,1134.0,STTA,6.519022746936176e-07,0.0851987404748797,28.0,56.0,14.0,
1135,1135.0,STTA,5.968025186534296e-07,0.0857637161388993,28.0,56.0,15.0,
1136,1136.0,STTA,5.592817175674166e-07,0.0887980256229639,28.0,56.0,16.0,
1137,1137.0,STTA,5.629662627755661e-07,0.0855953432619571,28.0,56.0,17.0,
1138,1138.0,STTA,7.090009534727171e-07,0.0859711449593305,28.0,56.0,18.0,
1139,1139.0,STTA,6.396143346755579e-07,0.0828340481966734,28.0,56.0,19.0,
1140,1140.0,STTA,5.250499029447965e-07,0.0872613796964287,29.0,58.0,0.0,
1141,1141.0,STTA,4.523176165224412e-07,0.0858935918658971,29.0,58.0,1.0,
1142,1142.0,STTA,5.672434791854947e-07,0.0921947015449404,29.0,58.0,2.0,
1143,1143.0,STTA,5.923791315682959e-07,0.1037719370797276,29.0,58.0,3.0,
1144,1144.0,STTA,5.071441908205825e-07,0.0845766216516494,29.0,58.0,4.0,
1145,1145.0,STTA,4.965155110573333e-07,0.0866116005927324,29.0,58.0,5.0,
1146,1146.0,STTA,5.116292287041373e-07,0.0808869618922472,29.0,58.0,6.0,
1147,1147.0,STTA,4.826128909397022e-07,0.0889622010290622,29.0,58.0,7.0,
1148,1148.0,STTA,4.1418025390249406e-07,0.1145531237125396,29.0,58.0,8.0,
1149,1149.0,STTA,5.203702243298944e-07,0.0903732581064105,29.0,58.0,9.0,
1150,1150.0,STTA,6.073497582876558e-07,0.0912842433899641,29.0,58.0,10.0,
1151,1151.0,STTA,6.407460421301744e-07,0.0924862399697303,29.0,58.0,11.0,
1152,1152.0,STTA,3.637812052508416e-07,0.0940070850774645,29.0,58.0,12.0,
1153,1153.0,STTA,6.291534268351705e-07,0.0898901987820863,29.0,58.0,13.0,
1154,1154.0,STTA,5.638279921730107e-07,0.0932593652978539,29.0,58.0,14.0,
1155,1155.0,STTA,3.998763623088397e-07,0.0912788212299346,29.0,58.0,15.0,
1156,1156.0,STTA,4.941108248044664e-07,0.089361423626542,29.0,58.0,16.0,
1157,1157.0,STTA,5.950630611730917e-07,0.1164257731288671,29.0,58.0,17.0,
1158,1158.0,STTA,4.610933819681204e-07,0.0867520431056618,29.0,58.0,18.0,
1159,1159.0,STTA,4.615333898780564e-07,0.1116400575265288,29.0,58.0,19.0,
1160,1160.0,TT-SVD,0.0315237303273995,0.0870451480150222,,,,1.0
1161,1161.0,TT-SVD,0.0042418850341256,0.0896160108968615,,,,2.0
1162,1162.0,TT-SVD,0.0010416785465192,0.0797914080321788,,,,3.0
1163,1163.0,TT-SVD,0.0003510754493049,0.0753115937113761,,,,4.0
1164,1164.0,TT-SVD,0.0001484987032437,0.1344604939222335,,,,5.0
1165,1165.0,TT-SVD,6.9637952327813e-05,0.0725416364148259,,,,6.0
1166,1166.0,TT-SVD,3.646800809638336e-05,0.0904301274567842,,,,7.0
1167,1167.0,TT-SVD,2.127491088191632e-05,0.0957863451912999,,,,8.0
1168,1168.0,TT-SVD,1.2897848556261671e-05,0.1031984183937311,,,,9.0
1169,1169.0,TT-SVD,8.291811786287952e-06,0.0890955021604895,,,,10.0
1170,1170.0,TT-SVD,5.501432036430778e-06,0.1272045830264687,,,,11.0
1171,1171.0,TT-SVD,3.776615008880768e-06,0.1158595494925975,,,,12.0
1172,1172.0,TT-SVD,2.695604745831085e-06,0.1037315540015697,,,,13.0
1173,1173.0,TT-SVD,1.940531878776276e-06,0.0940429894253611,,,,14.0
1174,1174.0,TT-SVD,1.422516758270654e-06,0.0974153764545917,,,,15.0
1175,1175.0,TT-SVD,1.0630514345278104e-06,0.123899039812386,,,,16.0
1176,1176.0,TT-SVD,8.124467006764232e-07,0.1750919334590435,,,,17.0
1177,1177.0,TT-SVD,6.276404445279856e-07,0.0945890992879867,,,,18.0
1178,1178.0,TT-SVD,5.116345996589533e-07,0.1011752299964428,,,,19.0
1179,1179.0,TT-SVD,4.0727358908998297e-07,0.0985336890444159,,,,20.0
1180,1180.0,TT-SVD,3.2215148145817297e-07,0.0950051508843898,,,,21.0
1181,1181.0,TT-SVD,2.626142313677867e-07,0.0943303499370813,,,,22.0
1182,1182.0,TT-SVD,2.1668115424798706e-07,0.1537542259320616,,,,23.0
1183,1183.0,TT-SVD,1.7785039871320853e-07,0.1027372563257813,,,,24.0
1184,1184.0,TT-SVD,1.496317027868652e-07,0.0945073449984192,,,,25.0
1185,1185.0,TT-SVD,1.2644905862538033e-07,0.0929769799113273,,,,26.0
1186,1186.0,TT-SVD,1.0641458870909229e-07,0.0902229072526097,,,,27.0
1187,1187.0,TT-SVD,9.054829286789357e-08,0.1008780719712376,,,,28.0
1188,1188.0,TT-SVD,7.847331539106912e-08,0.1765236621722579,,,,29.0
1189,,OTTS,1.242441794186308e-07,0.46340475231409073,30.0,60.0,0.0,
1190,,OTTS,1.2466028026070098e-07,0.47022332064807415,30.0,60.0,1.0,
1191,,OTTS,1.27764961441201e-07,0.45241441670805216,30.0,60.0,2.0,
1192,,OTTS,1.405439734085758e-07,0.42670429963618517,30.0,60.0,3.0,
1193,,OTTS,1.1715016528347408e-07,0.4431590996682644,30.0,60.0,4.0,
1194,,OTTS,1.2647161944815967e-07,0.438456111587584,30.0,60.0,5.0,
1195,,OTTS,1.1086161940489767e-07,0.46447874139994383,30.0,60.0,6.0,
1196,,OTTS,1.2584597789298512e-07,0.43492515105754137,30.0,60.0,7.0,
1197,,OTTS,1.265468192637038e-07,0.43819787446409464,30.0,60.0,8.0,
1198,,OTTS,1.23200169996438e-07,0.4788646912202239,30.0,60.0,9.0,
1199,,OTTS,1.1293796543714244e-07,0.4321247199550271,30.0,60.0,10.0,
1200,,OTTS,1.3828358301094887e-07,0.4440630292519927,30.0,60.0,11.0,
1201,,OTTS,1.0894091315220091e-07,0.434665129519999,30.0,60.0,12.0,
1202,,OTTS,1.2898251741462475e-07,0.44093668181449175,30.0,60.0,13.0,
1203,,OTTS,1.3182194225732745e-07,0.42726694606244564,30.0,60.0,14.0,
1204,,OTTS,1.2049794135486252e-07,0.47100096102803946,30.0,60.0,15.0,
1205,,OTTS,1.1958909087174853e-07,0.4335251348093152,30.0,60.0,16.0,
1206,,OTTS,1.1746947217761681e-07,0.43337148334831,30.0,60.0,17.0,
1207,,OTTS,1.230260156748173e-07,0.43568638898432255,30.0,60.0,18.0,
1208,,OTTS,1.1753839506151354e-07,0.4795984262600541,30.0,60.0,19.0,
1209,,STTA,4.6941501635397973e-07,0.0651929285377264,30.0,60.0,0.0,
1210,,STTA,3.686382824035905e-07,0.1044357530772686,30.0,60.0,1.0,
1211,,STTA,3.421273653682355e-07,0.0859419722110033,30.0,60.0,2.0,
1212,,STTA,4.7136049632764437e-07,0.09958506189286709,30.0,60.0,3.0,
1213,,STTA,3.5404720908526886e-07,0.0878240680322051,30.0,60.0,4.0,
1214,,STTA,4.419114784952194e-07,0.08216564171016216,30.0,60.0,5.0,
1215,,STTA,4.6399803157770683e-07,0.08368059154599905,30.0,60.0,6.0,
1216,,STTA,4.4439949435283263e-07,0.08896864857524633,30.0,60.0,7.0,
1217,,STTA,4.633847816646175e-07,0.08973119687289,30.0,60.0,8.0,
1218,,STTA,3.320711325189696e-07,0.09441398177295923,30.0,60.0,9.0,
1219,,STTA,3.9518492075871566e-07,0.09042507037520409,30.0,60.0,10.0,
1220,,STTA,4.298669056174136e-07,0.09175927471369505,30.0,60.0,11.0,
1221,,STTA,4.887964611581882e-07,0.0895538181066513,30.0,60.0,12.0,
1222,,STTA,3.919347499723171e-07,0.0860842252150178,30.0,60.0,13.0,
1223,,STTA,5.823136553864571e-07,0.08115257229655981,30.0,60.0,14.0,
1224,,STTA,3.7400822803529976e-07,0.08350658975541592,30.0,60.0,15.0,
1225,,STTA,4.4597136128304625e-07,0.08109692111611366,30.0,60.0,16.0,
1226,,STTA,3.860728763403049e-07,0.10548589192330837,30.0,60.0,17.0,
1227,,STTA,3.9240849598796335e-07,0.08936494216322899,30.0,60.0,18.0,
1228,,STTA,3.9422837853609197e-07,0.08344173524528742,30.0,60.0,19.0,
1229,,TT-SVD,6.592250392001795e-08,0.09658820740878582,,,,30.0
