,Unnamed: 0.2,Unnamed: 0.1,Unnamed: 0,name,error,time_taken,rank,n_dims,error_func,run,left_rank,right_rank
0,0.0,0.0,0.0,TT-SVD,1.870692451297351e-07,0.0079807319998508,10.0,4.0,tt_error_func,,,
1,1.0,1.0,1.0,HMT,5.445973389794446e-07,0.0103478199998789,10.0,4.0,tt_error_func,0.0,,
2,2.0,2.0,2.0,STTA,7.793531664286745e-07,0.0160772119998,,4.0,tt_error_func,0.0,10.0,20.0
3,3.0,3.0,3.0,HMT,1.0708167564101914e-06,0.0091106660001969,10.0,4.0,tt_error_func,1.0,,
4,4.0,4.0,4.0,STTA,2.7274339307337368e-06,0.0170544749998953,,4.0,tt_error_func,1.0,10.0,20.0
5,5.0,5.0,5.0,HMT,3.180386798790848e-07,0.0094665459982934,10.0,4.0,tt_error_func,2.0,,
6,6.0,6.0,6.0,STTA,1.1536941136810304e-06,0.0160055720007221,,4.0,tt_error_func,2.0,10.0,20.0
7,7.0,7.0,7.0,HMT,3.879244283677692e-07,0.0090432739998504,10.0,4.0,tt_error_func,3.0,,
8,8.0,8.0,8.0,STTA,1.924527274019835e-06,0.0153490400007285,,4.0,tt_error_func,3.0,10.0,20.0
9,9.0,9.0,9.0,HMT,3.893878765885441e-07,0.0095588280019001,10.0,4.0,tt_error_func,4.0,,
10,10.0,10.0,10.0,STTA,8.574638221875895e-07,0.0163224530006118,,4.0,tt_error_func,4.0,10.0,20.0
11,11.0,11.0,11.0,HMT,5.066515486927092e-07,0.0087988150007731,10.0,4.0,tt_error_func,5.0,,
12,12.0,12.0,12.0,STTA,9.69045598285319e-07,0.0151684880001994,,4.0,tt_error_func,5.0,10.0,20.0
13,13.0,13.0,13.0,HMT,2.1972712163836978e-06,0.0091638749981939,10.0,4.0,tt_error_func,6.0,,
14,14.0,14.0,14.0,STTA,1.3092052172008136e-06,0.0160910329977923,,4.0,tt_error_func,6.0,10.0,20.0
15,15.0,15.0,15.0,HMT,1.5357358472277808e-06,0.0091931349998048,10.0,4.0,tt_error_func,7.0,,
16,16.0,16.0,16.0,STTA,1.4757975732391637e-06,0.0165845949995855,,4.0,tt_error_func,7.0,10.0,20.0
17,17.0,17.0,17.0,HMT,2.1647019926900805e-06,0.0100947579994681,10.0,4.0,tt_error_func,8.0,,
18,18.0,18.0,18.0,STTA,1.2996615956325292e-06,0.0166606829989177,,4.0,tt_error_func,8.0,10.0,20.0
19,19.0,19.0,19.0,HMT,8.706338412939874e-07,0.0095137470016197,10.0,4.0,tt_error_func,9.0,,
20,20.0,20.0,20.0,STTA,9.66545100544624e-07,0.016803283997433,,4.0,tt_error_func,9.0,10.0,20.0
21,21.0,21.0,21.0,HMT,4.754323356293216e-07,0.0100057790004939,10.0,4.0,tt_error_func,10.0,,
22,22.0,22.0,22.0,STTA,9.402667285680768e-07,0.0167762460005178,,4.0,tt_error_func,10.0,10.0,20.0
23,23.0,23.0,23.0,HMT,7.028694800209669e-07,0.0093682859987893,10.0,4.0,tt_error_func,11.0,,
24,24.0,24.0,24.0,STTA,4.617345916777889e-07,0.0163165019985171,,4.0,tt_error_func,11.0,10.0,20.0
25,25.0,25.0,25.0,HMT,2.919581059836017e-07,0.0099630490003619,10.0,4.0,tt_error_func,12.0,,
26,26.0,26.0,26.0,STTA,3.865724838839093e-06,0.0164199329992698,,4.0,tt_error_func,12.0,10.0,20.0
27,27.0,27.0,27.0,HMT,6.795771371638785e-07,0.0095138069991662,10.0,4.0,tt_error_func,13.0,,
28,28.0,28.0,28.0,STTA,7.670291781847847e-07,0.0166831450005702,,4.0,tt_error_func,13.0,10.0,20.0
29,29.0,29.0,29.0,HMT,1.2025457395132005e-06,0.009413346000656,10.0,4.0,tt_error_func,14.0,,
30,30.0,30.0,30.0,STTA,9.395219535221064e-07,0.0161991829991166,,4.0,tt_error_func,14.0,10.0,20.0
31,31.0,31.0,31.0,HMT,7.214799159485909e-07,0.0096622860000934,10.0,4.0,tt_error_func,15.0,,
32,32.0,32.0,32.0,STTA,4.13644670390045e-07,0.0168288639979437,,4.0,tt_error_func,15.0,10.0,20.0
33,33.0,33.0,33.0,HMT,1.2948389780651815e-06,0.0092065270000603,10.0,4.0,tt_error_func,16.0,,
34,34.0,34.0,34.0,STTA,8.238252314661702e-07,0.0160677109997777,,4.0,tt_error_func,16.0,10.0,20.0
35,35.0,35.0,35.0,HMT,5.127191606038246e-07,0.0094530360001954,10.0,4.0,tt_error_func,17.0,,
36,36.0,36.0,36.0,STTA,9.938968487707698e-07,0.014882439001667,,4.0,tt_error_func,17.0,10.0,20.0
37,37.0,37.0,37.0,HMT,1.086366097665922e-06,0.008744333001232,10.0,4.0,tt_error_func,18.0,,
38,38.0,38.0,38.0,STTA,2.607962403432882e-06,0.0166070150007726,,4.0,tt_error_func,18.0,10.0,20.0
39,39.0,39.0,39.0,HMT,4.464065841439349e-07,0.0092157559993211,10.0,4.0,tt_error_func,19.0,,
40,40.0,40.0,40.0,STTA,2.5515832705623057e-06,0.0156888599994999,,4.0,tt_error_func,19.0,10.0,20.0
41,41.0,41.0,41.0,HMT,4.19251708931625e-07,0.0088494949995947,10.0,4.0,tt_error_func,20.0,,
42,42.0,42.0,42.0,STTA,1.524464812265326e-06,0.0165089729998726,,4.0,tt_error_func,20.0,10.0,20.0
43,43.0,43.0,43.0,HMT,4.761687730868288e-07,0.00935804600158,10.0,4.0,tt_error_func,21.0,,
44,44.0,44.0,44.0,STTA,1.9050286881534505e-06,0.0150646090005466,,4.0,tt_error_func,21.0,10.0,20.0
45,45.0,45.0,45.0,HMT,4.144334586412985e-07,0.0087457129993708,10.0,4.0,tt_error_func,22.0,,
46,46.0,46.0,46.0,STTA,4.8907744675191885e-06,0.0161087129999941,,4.0,tt_error_func,22.0,10.0,20.0
47,47.0,47.0,47.0,HMT,9.129499794618764e-07,0.0100548890004574,10.0,4.0,tt_error_func,23.0,,
48,48.0,48.0,48.0,STTA,9.379804056663254e-07,0.0166033429995877,,4.0,tt_error_func,23.0,10.0,20.0
49,49.0,49.0,49.0,HMT,9.80880388652566e-07,0.0094209670023701,10.0,4.0,tt_error_func,24.0,,
50,50.0,50.0,50.0,STTA,8.66235576833333e-07,0.0168251549985143,,4.0,tt_error_func,24.0,10.0,20.0
51,51.0,51.0,51.0,HMT,2.6013444051366307e-06,0.0093962860009924,10.0,4.0,tt_error_func,25.0,,
52,52.0,52.0,52.0,STTA,8.192805555899533e-07,0.0164501540020864,,4.0,tt_error_func,25.0,10.0,20.0
53,53.0,53.0,53.0,HMT,1.0543779660095991e-06,0.0091482450006878,10.0,4.0,tt_error_func,26.0,,
54,54.0,54.0,54.0,STTA,1.054055970391587e-06,0.0157865000001038,,4.0,tt_error_func,26.0,10.0,20.0
55,55.0,55.0,55.0,HMT,9.010533081149392e-07,0.0087622649989498,10.0,4.0,tt_error_func,27.0,,
56,56.0,56.0,56.0,STTA,7.347293987539353e-07,0.0154939490021206,,4.0,tt_error_func,27.0,10.0,20.0
57,57.0,57.0,57.0,HMT,5.184655096461011e-07,0.0091012859993497,10.0,4.0,tt_error_func,28.0,,
58,58.0,58.0,58.0,STTA,1.3271834513418254e-06,0.0152547290017537,,4.0,tt_error_func,28.0,10.0,20.0
59,59.0,59.0,59.0,HMT,2.553646439450465e-06,0.0087141130024974,10.0,4.0,tt_error_func,29.0,,
60,60.0,60.0,60.0,STTA,8.19496608477392e-07,0.0157616220021736,,4.0,tt_error_func,29.0,10.0,20.0
61,61.0,61.0,61.0,TT-SVD,2.5037867152746064e-07,0.0154998789985256,10.0,8.0,tt_error_func,,,
62,62.0,62.0,62.0,HMT,1.2430436179812122e-06,0.0214630520022183,10.0,8.0,tt_error_func,0.0,,
63,63.0,63.0,63.0,STTA,1.5712192559797748e-06,0.0329963769981986,,8.0,tt_error_func,0.0,10.0,20.0
64,64.0,64.0,64.0,HMT,1.916004301103535e-06,0.0187886739986424,10.0,8.0,tt_error_func,1.0,,
65,65.0,65.0,65.0,STTA,3.430296674131853e-06,0.0316924130020197,,8.0,tt_error_func,1.0,10.0,20.0
66,66.0,66.0,66.0,HMT,1.766281417534799e-06,0.0189407030011352,10.0,8.0,tt_error_func,2.0,,
67,67.0,67.0,67.0,STTA,2.336987876751322e-06,0.0319724639994092,,8.0,tt_error_func,2.0,10.0,20.0
68,68.0,68.0,68.0,HMT,1.013122433126997e-06,0.0189231139993353,10.0,8.0,tt_error_func,3.0,,
69,69.0,69.0,69.0,STTA,4.878107372596829e-06,0.0320426029975351,,8.0,tt_error_func,3.0,10.0,20.0
70,70.0,70.0,70.0,HMT,1.6351172086227382e-06,0.0193027450004592,10.0,8.0,tt_error_func,4.0,,
71,71.0,71.0,71.0,STTA,1.9974225122416984e-06,0.0339351309994526,,8.0,tt_error_func,4.0,10.0,20.0
72,72.0,72.0,72.0,HMT,1.0813172976577377e-06,0.0189844320011616,10.0,8.0,tt_error_func,5.0,,
73,73.0,73.0,73.0,STTA,4.280770427816972e-06,0.0315916220024519,,8.0,tt_error_func,5.0,10.0,20.0
74,74.0,74.0,74.0,HMT,1.6598931022215245e-06,0.0200756379999802,10.0,8.0,tt_error_func,6.0,,
75,75.0,75.0,75.0,STTA,1.6367617580224e-06,0.0330844269992667,,8.0,tt_error_func,6.0,10.0,20.0
76,76.0,76.0,76.0,HMT,3.3310314208969672e-06,0.0188370720024977,10.0,8.0,tt_error_func,7.0,,
77,77.0,77.0,77.0,STTA,3.399274273957928e-06,0.0314225210022414,,8.0,tt_error_func,7.0,10.0,20.0
78,78.0,78.0,78.0,HMT,1.7052786535796678e-06,0.0188141429971437,10.0,8.0,tt_error_func,8.0,,
79,79.0,79.0,79.0,STTA,1.6012127458443563e-06,0.0327148959986516,,8.0,tt_error_func,8.0,10.0,20.0
80,80.0,80.0,80.0,HMT,1.8725638628428165e-06,0.0191638729993428,10.0,8.0,tt_error_func,9.0,,
81,81.0,81.0,81.0,STTA,2.302728180462905e-06,0.0332424379994336,,8.0,tt_error_func,9.0,10.0,20.0
82,82.0,82.0,82.0,HMT,1.5492950911954097e-06,0.0191830739968281,10.0,8.0,tt_error_func,10.0,,
83,83.0,83.0,83.0,STTA,1.40027827131524e-06,0.0315414720025728,,8.0,tt_error_func,10.0,10.0,20.0
84,84.0,84.0,84.0,HMT,1.1872317473693526e-06,0.0199483260003034,10.0,8.0,tt_error_func,11.0,,
85,85.0,85.0,85.0,STTA,1.130640698635255e-06,0.0326312460019835,,8.0,tt_error_func,11.0,10.0,20.0
86,86.0,86.0,86.0,HMT,1.7942920175948806e-06,0.0184554419975029,10.0,8.0,tt_error_func,12.0,,
87,87.0,87.0,87.0,STTA,3.408746695953582e-06,0.031767051998031,,8.0,tt_error_func,12.0,10.0,20.0
88,88.0,88.0,88.0,HMT,1.2159759188586864e-06,0.0190799420015537,10.0,8.0,tt_error_func,13.0,,
89,89.0,89.0,89.0,STTA,1.9009985763011785e-06,0.0316703019998385,,8.0,tt_error_func,13.0,10.0,20.0
90,90.0,90.0,90.0,HMT,3.846168863168326e-06,0.0183627020014682,10.0,8.0,tt_error_func,14.0,,
91,91.0,91.0,91.0,STTA,2.830959588095129e-06,0.0320233329985057,,8.0,tt_error_func,14.0,10.0,20.0
92,92.0,92.0,92.0,HMT,1.861384623017899e-06,0.0189940730015223,10.0,8.0,tt_error_func,15.0,,
93,93.0,93.0,93.0,STTA,1.5471327711948196e-06,0.0311406689979776,,8.0,tt_error_func,15.0,10.0,20.0
94,94.0,94.0,94.0,HMT,2.0605208322663662e-06,0.0181968600008985,10.0,8.0,tt_error_func,16.0,,
95,95.0,95.0,95.0,STTA,1.8523965211348163e-06,0.0315107719980005,,8.0,tt_error_func,16.0,10.0,20.0
96,96.0,96.0,96.0,HMT,1.3018395901658234e-05,0.0191417550013284,10.0,8.0,tt_error_func,17.0,,
97,97.0,97.0,97.0,STTA,2.222892083109892e-06,0.0324557949970767,,8.0,tt_error_func,17.0,10.0,20.0
98,98.0,98.0,98.0,HMT,6.846578806858071e-07,0.0205979389975254,10.0,8.0,tt_error_func,18.0,,
99,99.0,99.0,99.0,STTA,7.822365302997626e-07,0.0332162980012071,,8.0,tt_error_func,18.0,10.0,20.0
100,100.0,100.0,100.0,HMT,1.2112913730449024e-06,0.0186964829990756,10.0,8.0,tt_error_func,19.0,,
101,101.0,101.0,101.0,STTA,2.0382797652546264e-06,0.0318307729976368,,8.0,tt_error_func,19.0,10.0,20.0
102,102.0,102.0,102.0,HMT,3.796823761472632e-06,0.0198575249996793,10.0,8.0,tt_error_func,20.0,,
103,103.0,103.0,103.0,STTA,1.214545376491945e-06,0.0328687859982892,,8.0,tt_error_func,20.0,10.0,20.0
104,104.0,104.0,104.0,HMT,1.640006515846273e-06,0.0186738730008073,10.0,8.0,tt_error_func,21.0,,
105,105.0,105.0,105.0,STTA,3.1609896772499552e-06,0.032169744001294,,8.0,tt_error_func,21.0,10.0,20.0
106,106.0,106.0,106.0,HMT,1.2028731659746064e-06,0.0189875430005486,10.0,8.0,tt_error_func,22.0,,
107,107.0,107.0,107.0,STTA,3.6452058052941314e-06,0.0331685569981345,,8.0,tt_error_func,22.0,10.0,20.0
108,108.0,108.0,108.0,HMT,8.25741459198749e-07,0.0196000650030327,10.0,8.0,tt_error_func,23.0,,
109,109.0,109.0,109.0,STTA,7.316045039603474e-07,0.0313107010006206,,8.0,tt_error_func,23.0,10.0,20.0
110,110.0,110.0,110.0,HMT,1.3645901121636406e-06,0.0180274699996516,10.0,8.0,tt_error_func,24.0,,
111,111.0,111.0,111.0,STTA,2.692962745715884e-06,0.0317090019998431,,8.0,tt_error_func,24.0,10.0,20.0
112,112.0,112.0,112.0,HMT,7.023975904600207e-07,0.0187758629981544,10.0,8.0,tt_error_func,25.0,,
113,113.0,113.0,113.0,STTA,5.640476822418132e-06,0.0321236939998925,,8.0,tt_error_func,25.0,10.0,20.0
114,114.0,114.0,114.0,HMT,1.8196593511376625e-06,0.0195004749984946,10.0,8.0,tt_error_func,26.0,,
115,115.0,115.0,115.0,STTA,2.4245998152563e-06,0.0321585339988814,,8.0,tt_error_func,26.0,10.0,20.0
116,116.0,116.0,116.0,HMT,1.3541439469058268e-06,0.0189077030008775,10.0,8.0,tt_error_func,27.0,,
117,117.0,117.0,117.0,STTA,2.0811739177676272e-06,0.0318993639994005,,8.0,tt_error_func,27.0,10.0,20.0
118,118.0,118.0,118.0,HMT,1.573978388288737e-06,0.0197571370008518,10.0,8.0,tt_error_func,28.0,,
119,119.0,119.0,119.0,STTA,1.894064925971636e-06,0.0316260420004255,,8.0,tt_error_func,28.0,10.0,20.0
120,120.0,120.0,120.0,HMT,2.2036420499697743e-06,0.0184617900013108,10.0,8.0,tt_error_func,29.0,,
121,121.0,121.0,121.0,STTA,2.1212608661901013e-06,0.0319354729981569,,8.0,tt_error_func,29.0,10.0,20.0
122,122.0,122.0,122.0,TT-SVD,4.356177307356024e-07,0.0353823359982925,10.0,16.0,tt_error_func,,,
123,123.0,123.0,123.0,HMT,2.263409561035514e-06,0.0375896759978786,10.0,16.0,tt_error_func,0.0,,
124,124.0,124.0,124.0,STTA,7.44468985674275e-06,0.075666042001103,,16.0,tt_error_func,0.0,10.0,20.0
125,125.0,125.0,125.0,HMT,3.531056891845879e-06,0.0437337289986317,10.0,16.0,tt_error_func,1.0,,
126,126.0,126.0,126.0,STTA,9.161845591098794e-06,0.0740299239987507,,16.0,tt_error_func,1.0,10.0,20.0
127,127.0,127.0,127.0,HMT,4.877847936074561e-06,0.0419398499980161,10.0,16.0,tt_error_func,2.0,,
128,128.0,128.0,128.0,STTA,4.746606621547151e-06,0.0745399669976905,,16.0,tt_error_func,2.0,10.0,20.0
129,129.0,129.0,129.0,HMT,3.141954843604085e-06,0.0428661949990782,10.0,16.0,tt_error_func,3.0,,
130,130.0,130.0,130.0,STTA,4.425202198444693e-06,0.0752503090006939,,16.0,tt_error_func,3.0,10.0,20.0
131,131.0,131.0,131.0,HMT,3.387136296767952e-06,0.0431419859996822,10.0,16.0,tt_error_func,4.0,,
132,132.0,132.0,132.0,STTA,1.0536925277312293e-05,0.0738899130010395,,16.0,tt_error_func,4.0,10.0,20.0
133,133.0,133.0,133.0,HMT,6.176302621041978e-06,0.0431344860007811,10.0,16.0,tt_error_func,5.0,,
134,134.0,134.0,134.0,STTA,9.518126626295105e-06,0.0734361720024026,,16.0,tt_error_func,5.0,10.0,20.0
135,135.0,135.0,135.0,HMT,4.1979063729297405e-06,0.0423056629988423,10.0,16.0,tt_error_func,6.0,,
136,136.0,136.0,136.0,STTA,6.870949893722729e-06,0.0732058829999005,,16.0,tt_error_func,6.0,10.0,20.0
137,137.0,137.0,137.0,HMT,2.150971594288274e-06,0.042601924000337,10.0,16.0,tt_error_func,7.0,,
138,138.0,138.0,138.0,STTA,3.1200156637437148e-06,0.0776996290005627,,16.0,tt_error_func,7.0,10.0,20.0
139,139.0,139.0,139.0,HMT,2.2328495526993657e-06,0.0456244849992799,10.0,16.0,tt_error_func,8.0,,
140,140.0,140.0,140.0,STTA,4.427059478288394e-06,0.0734099930014053,,16.0,tt_error_func,8.0,10.0,20.0
141,141.0,141.0,141.0,HMT,4.0286023238172165e-06,0.0432510870014084,10.0,16.0,tt_error_func,9.0,,
142,142.0,142.0,142.0,STTA,3.031787062628851e-06,0.0692107750001014,,16.0,tt_error_func,9.0,10.0,20.0
143,143.0,143.0,143.0,HMT,4.426315502881772e-06,0.0400133430011919,10.0,16.0,tt_error_func,10.0,,
144,144.0,144.0,144.0,STTA,7.005484311544348e-06,0.0688426759988942,,16.0,tt_error_func,10.0,10.0,20.0
145,145.0,145.0,145.0,HMT,3.1422502656808665e-06,0.0717745570000261,10.0,16.0,tt_error_func,11.0,,
146,146.0,146.0,146.0,STTA,5.253769486727106e-06,0.0705026619980344,,16.0,tt_error_func,11.0,10.0,20.0
147,147.0,147.0,147.0,HMT,5.781384095313052e-06,0.0404000350026763,10.0,16.0,tt_error_func,12.0,,
148,148.0,148.0,148.0,STTA,4.030855289589654e-06,0.0693515759994625,,16.0,tt_error_func,12.0,10.0,20.0
149,149.0,149.0,149.0,HMT,2.101765364777444e-06,0.0393197019984654,10.0,16.0,tt_error_func,13.0,,
150,150.0,150.0,150.0,STTA,2.9229571071858227e-06,0.0732113220001338,,16.0,tt_error_func,13.0,10.0,20.0
151,151.0,151.0,151.0,HMT,2.685227522567683e-06,0.0394046309993427,10.0,16.0,tt_error_func,14.0,,
152,152.0,152.0,152.0,STTA,4.606198279892179e-06,0.0825638470014382,,16.0,tt_error_func,14.0,10.0,20.0
153,153.0,153.0,153.0,HMT,1.019569725827225e-05,0.0412896870002441,10.0,16.0,tt_error_func,15.0,,
154,154.0,154.0,154.0,STTA,5.509718631154881e-06,0.0712381249977625,,16.0,tt_error_func,15.0,10.0,20.0
155,155.0,155.0,155.0,HMT,2.472681926865661e-06,0.0400536939996527,10.0,16.0,tt_error_func,16.0,,
156,156.0,156.0,156.0,STTA,6.139934668877673e-06,0.0702780709980288,,16.0,tt_error_func,16.0,10.0,20.0
157,157.0,157.0,157.0,HMT,3.3012184358536867e-06,0.0411155389992927,10.0,16.0,tt_error_func,17.0,,
158,158.0,158.0,158.0,STTA,7.5751178659228174e-06,0.0737098040008277,,16.0,tt_error_func,17.0,10.0,20.0
159,159.0,159.0,159.0,HMT,1.936414378810344e-06,0.04205596200336,10.0,16.0,tt_error_func,18.0,,
160,160.0,160.0,160.0,STTA,3.956548093994464e-06,0.0688160040008369,,16.0,tt_error_func,18.0,10.0,20.0
161,161.0,161.0,161.0,HMT,2.921713012890239e-06,0.0398315130005357,10.0,16.0,tt_error_func,19.0,,
162,162.0,162.0,162.0,STTA,5.863248364156775e-06,0.0719773560012981,,16.0,tt_error_func,19.0,10.0,20.0
163,163.0,163.0,163.0,HMT,2.647218889222698e-06,0.0482435049998457,10.0,16.0,tt_error_func,20.0,,
164,164.0,164.0,164.0,STTA,3.274683406013072e-06,0.0755059809998783,,16.0,tt_error_func,20.0,10.0,20.0
165,165.0,165.0,165.0,HMT,5.316504374514261e-06,0.0449679529992863,10.0,16.0,tt_error_func,21.0,,
166,166.0,166.0,166.0,STTA,4.744970118558184e-06,0.0747160279970557,,16.0,tt_error_func,21.0,10.0,20.0
167,167.0,167.0,167.0,HMT,3.386092844510909e-06,0.0420770909986458,10.0,16.0,tt_error_func,22.0,,
168,168.0,168.0,168.0,STTA,7.638893429273768e-06,0.0715675559986266,,16.0,tt_error_func,22.0,10.0,20.0
169,169.0,169.0,169.0,HMT,2.5658890141401967e-06,0.0405787759991653,10.0,16.0,tt_error_func,23.0,,
170,170.0,170.0,170.0,STTA,2.6833075247094705e-06,0.0673149280009965,,16.0,tt_error_func,23.0,10.0,20.0
171,171.0,171.0,171.0,HMT,3.1064473911439538e-06,0.0375090950001322,10.0,16.0,tt_error_func,24.0,,
172,172.0,172.0,172.0,STTA,3.012082865116392e-06,0.0668311760018696,,16.0,tt_error_func,24.0,10.0,20.0
173,173.0,173.0,173.0,HMT,1.8848464573103345e-06,0.0388130589999491,10.0,16.0,tt_error_func,25.0,,
174,174.0,174.0,174.0,STTA,4.007858353027758e-06,0.0656848320031713,,16.0,tt_error_func,25.0,10.0,20.0
175,175.0,175.0,175.0,HMT,3.0373650003363856e-06,0.0380467069990118,10.0,16.0,tt_error_func,26.0,,
176,176.0,176.0,176.0,STTA,4.385046201456393e-06,0.06664484599969,,16.0,tt_error_func,26.0,10.0,20.0
177,177.0,177.0,177.0,HMT,4.602348759189672e-06,0.0409110170003259,10.0,16.0,tt_error_func,27.0,,
178,178.0,178.0,178.0,STTA,7.726316015015412e-06,0.0683858320007857,,16.0,tt_error_func,27.0,10.0,20.0
179,179.0,179.0,179.0,HMT,3.1911203632842538e-06,0.042201942000247,10.0,16.0,tt_error_func,28.0,,
180,180.0,180.0,180.0,STTA,3.927433837375162e-06,0.0725956780006527,,16.0,tt_error_func,28.0,10.0,20.0
181,181.0,181.0,181.0,HMT,2.470880447535757e-06,0.039461612002924,10.0,16.0,tt_error_func,29.0,,
182,182.0,182.0,182.0,STTA,4.1971479533004585e-06,0.06749648999903,,16.0,tt_error_func,29.0,10.0,20.0
183,183.0,183.0,183.0,TT-SVD,6.018619863029791e-07,0.0638637249976454,10.0,32.0,tt_error_func,,,
184,184.0,184.0,184.0,HMT,5.381676230564378e-06,0.0846399549991474,10.0,32.0,tt_error_func,0.0,,
185,185.0,185.0,185.0,STTA,6.067374087730531e-06,0.1305815310006437,,32.0,tt_error_func,0.0,10.0,20.0
186,186.0,186.0,186.0,HMT,3.822370695682461e-06,0.0801853089978976,10.0,32.0,tt_error_func,1.0,,
187,187.0,187.0,187.0,STTA,5.685835165144077e-06,0.1306191319999925,,32.0,tt_error_func,1.0,10.0,20.0
188,188.0,188.0,188.0,HMT,3.3390929992377143e-06,0.0808559200013405,10.0,32.0,tt_error_func,2.0,,
189,189.0,189.0,189.0,STTA,8.770470222709258e-06,0.1342068550002295,,32.0,tt_error_func,2.0,10.0,20.0
190,190.0,190.0,190.0,HMT,4.558462973050742e-06,0.0806487789996026,10.0,32.0,tt_error_func,3.0,,
191,191.0,191.0,191.0,STTA,5.8186332055345885e-06,0.1351111679978203,,32.0,tt_error_func,3.0,10.0,20.0
192,192.0,192.0,192.0,HMT,3.951631845524305e-06,0.0755671900005836,10.0,32.0,tt_error_func,4.0,,
193,193.0,193.0,193.0,STTA,6.313199209504535e-06,0.1334650230019178,,32.0,tt_error_func,4.0,10.0,20.0
194,194.0,194.0,194.0,HMT,7.063223468267135e-06,0.0793676649991539,10.0,32.0,tt_error_func,5.0,,
195,195.0,195.0,195.0,STTA,3.994382823694806e-06,0.1314535050005361,,32.0,tt_error_func,5.0,10.0,20.0
196,196.0,196.0,196.0,HMT,5.355182722846453e-06,0.0793597839983704,10.0,32.0,tt_error_func,6.0,,
197,197.0,197.0,197.0,STTA,7.764804290371676e-06,0.1339420740005152,,32.0,tt_error_func,6.0,10.0,20.0
198,198.0,198.0,198.0,HMT,2.9260904780635328e-06,0.0791500339983031,10.0,32.0,tt_error_func,7.0,,
199,199.0,199.0,199.0,STTA,8.418039340222996e-06,0.136017452001397,,32.0,tt_error_func,7.0,10.0,20.0
200,200.0,200.0,200.0,HMT,4.923919552381289e-06,0.0800105669986805,10.0,32.0,tt_error_func,8.0,,
201,201.0,201.0,201.0,STTA,9.655167894443306e-06,0.1340198539983248,,32.0,tt_error_func,8.0,10.0,20.0
202,202.0,202.0,202.0,HMT,4.412158663854424e-06,0.0804982879999443,10.0,32.0,tt_error_func,9.0,,
203,203.0,203.0,203.0,STTA,4.942302452832169e-06,0.1294236070025363,,32.0,tt_error_func,9.0,10.0,20.0
204,204.0,204.0,204.0,HMT,3.996923822663366e-06,0.0806587589977425,10.0,32.0,tt_error_func,10.0,,
205,205.0,205.0,205.0,STTA,4.035210627642206e-06,0.1316132039974036,,32.0,tt_error_func,10.0,10.0,20.0
206,206.0,206.0,206.0,HMT,4.2713433555709696e-06,0.0772916659989277,10.0,32.0,tt_error_func,11.0,,
207,207.0,207.0,207.0,STTA,7.188041157588713e-06,0.129933398002322,,32.0,tt_error_func,11.0,10.0,20.0
208,208.0,208.0,208.0,HMT,4.366589982758816e-06,0.0799929070017242,10.0,32.0,tt_error_func,12.0,,
209,209.0,209.0,209.0,STTA,5.864708158975058e-06,0.1333757899992633,,32.0,tt_error_func,12.0,10.0,20.0
210,210.0,210.0,210.0,HMT,3.53644581822416e-06,0.0775316769977507,10.0,32.0,tt_error_func,13.0,,
211,211.0,211.0,211.0,STTA,5.627205062168731e-06,0.1289735729988024,,32.0,tt_error_func,13.0,10.0,20.0
212,212.0,212.0,212.0,HMT,4.232186427693045e-06,0.0811244709984748,10.0,32.0,tt_error_func,14.0,,
213,213.0,213.0,213.0,STTA,4.208611625639108e-06,0.1330331790013588,,32.0,tt_error_func,14.0,10.0,20.0
214,214.0,214.0,214.0,HMT,4.671421492524276e-06,0.076810694001324,10.0,32.0,tt_error_func,15.0,,
215,215.0,215.0,215.0,STTA,5.62886395468633e-06,0.1298198469994531,,32.0,tt_error_func,15.0,10.0,20.0
216,216.0,216.0,216.0,HMT,6.471922689458542e-06,0.0807158399984473,10.0,32.0,tt_error_func,16.0,,
217,217.0,217.0,217.0,STTA,6.642823117086646e-06,0.134424656000192,,32.0,tt_error_func,16.0,10.0,20.0
218,218.0,218.0,218.0,HMT,4.853669865949683e-06,0.0770360140013508,10.0,32.0,tt_error_func,17.0,,
219,219.0,219.0,219.0,STTA,7.288253144642779e-06,0.1420533130003605,,32.0,tt_error_func,17.0,10.0,20.0
220,220.0,220.0,220.0,HMT,5.284625552039429e-06,0.0832114790027844,10.0,32.0,tt_error_func,18.0,,
221,221.0,221.0,221.0,STTA,7.282393645098102e-06,0.1460626289990614,,32.0,tt_error_func,18.0,10.0,20.0
222,222.0,222.0,222.0,HMT,4.574716643473711e-06,0.0883189670021238,10.0,32.0,tt_error_func,19.0,,
223,223.0,223.0,223.0,STTA,8.107905667717649e-06,0.1481954769988078,,32.0,tt_error_func,19.0,10.0,20.0
224,224.0,224.0,224.0,HMT,7.168833120105906e-06,0.0873471939994487,10.0,32.0,tt_error_func,20.0,,
225,225.0,225.0,225.0,STTA,5.310931244953125e-06,0.1469922920005046,,32.0,tt_error_func,20.0,10.0,20.0
226,226.0,226.0,226.0,HMT,3.3021887439308183e-06,0.0823737749997235,10.0,32.0,tt_error_func,21.0,,
227,227.0,227.0,227.0,STTA,7.4535381857588515e-06,0.1477207050011202,,32.0,tt_error_func,21.0,10.0,20.0
228,228.0,228.0,228.0,HMT,4.42416115404831e-06,0.088089985998522,10.0,32.0,tt_error_func,22.0,,
229,229.0,229.0,229.0,STTA,7.005360325098887e-06,0.1487839490000624,,32.0,tt_error_func,22.0,10.0,20.0
230,230.0,230.0,230.0,HMT,2.5723947164395347e-06,0.0873846930007857,10.0,32.0,tt_error_func,23.0,,
231,231.0,231.0,231.0,STTA,5.569652457975286e-06,0.1501352939994831,,32.0,tt_error_func,23.0,10.0,20.0
232,232.0,232.0,232.0,HMT,3.97906382739058e-06,0.0826010660020983,10.0,32.0,tt_error_func,24.0,,
233,233.0,233.0,233.0,STTA,7.749005564676744e-06,0.1496708729973761,,32.0,tt_error_func,24.0,10.0,20.0
234,234.0,234.0,234.0,HMT,5.4648013494594725e-06,0.0860777179987053,10.0,32.0,tt_error_func,25.0,,
235,235.0,235.0,235.0,STTA,2.341673066380769e-05,0.1382405289987218,,32.0,tt_error_func,25.0,10.0,20.0
236,236.0,236.0,236.0,HMT,7.121087183150304e-06,0.0874251739987812,10.0,32.0,tt_error_func,26.0,,
237,237.0,237.0,237.0,STTA,9.58762962035468e-06,0.1359398800013878,,32.0,tt_error_func,26.0,10.0,20.0
238,238.0,238.0,238.0,HMT,6.609140788391457e-06,0.079976285000157,10.0,32.0,tt_error_func,27.0,,
239,239.0,239.0,239.0,STTA,5.276665802168946e-06,0.1369170020007004,,32.0,tt_error_func,27.0,10.0,20.0
240,240.0,240.0,240.0,HMT,5.138668430840311e-06,0.0831893269969441,10.0,32.0,tt_error_func,28.0,,
241,241.0,241.0,241.0,STTA,6.649952894140165e-06,0.1363195599988103,,32.0,tt_error_func,28.0,10.0,20.0
242,242.0,242.0,242.0,HMT,4.627033333885297e-06,0.0791329029998451,10.0,32.0,tt_error_func,29.0,,
243,243.0,243.0,243.0,STTA,5.924619340853257e-06,0.1404083960005664,,32.0,tt_error_func,29.0,10.0,20.0
244,244.0,244.0,244.0,TT-SVD,9.188292971591108e-07,0.1420076120011799,10.0,64.0,tt_error_func,,,
245,245.0,245.0,245.0,HMT,7.824921128213012e-06,0.1610738640010822,10.0,64.0,tt_error_func,0.0,,
246,246.0,246.0,246.0,STTA,1.550213288895238e-05,0.2707339740009047,,64.0,tt_error_func,0.0,10.0,20.0
247,247.0,247.0,247.0,HMT,6.392186755880668e-06,0.1656225229999108,10.0,64.0,tt_error_func,1.0,,
248,248.0,248.0,248.0,STTA,1.8596999736099904e-05,0.2739397250006732,,64.0,tt_error_func,1.0,10.0,20.0
249,249.0,249.0,249.0,HMT,6.651200801291083e-06,0.1722093169992149,10.0,64.0,tt_error_func,2.0,,
250,250.0,250.0,250.0,STTA,7.860584565610903e-06,0.2783890819991939,,64.0,tt_error_func,2.0,10.0,20.0
251,251.0,251.0,251.0,HMT,8.242978826715714e-06,0.1633151330024702,10.0,64.0,tt_error_func,3.0,,
252,252.0,252.0,252.0,STTA,1.0249465590811937e-05,0.2833841399988159,,64.0,tt_error_func,3.0,10.0,20.0
253,253.0,253.0,253.0,HMT,6.846284141640053e-06,0.1705946900001436,10.0,64.0,tt_error_func,4.0,,
254,254.0,254.0,254.0,STTA,1.4748815736452514e-05,0.291845101997751,,64.0,tt_error_func,4.0,10.0,20.0
255,255.0,255.0,255.0,HMT,5.492729288045369e-06,0.1648302290013816,10.0,64.0,tt_error_func,5.0,,
256,256.0,256.0,256.0,STTA,1.0353298438252224e-05,0.2766775250020146,,64.0,tt_error_func,5.0,10.0,20.0
257,257.0,257.0,257.0,HMT,7.454680240754746e-06,0.162022758002422,10.0,64.0,tt_error_func,6.0,,
258,258.0,258.0,258.0,STTA,1.1439991221558648e-05,0.2883429690009507,,64.0,tt_error_func,6.0,10.0,20.0
259,259.0,259.0,259.0,HMT,8.39492877582175e-06,0.1729917480006406,10.0,64.0,tt_error_func,7.0,,
260,260.0,260.0,260.0,STTA,1.7779843387077228e-05,0.3170771179975418,,64.0,tt_error_func,7.0,10.0,20.0
261,261.0,261.0,261.0,HMT,6.840757621943279e-06,0.1617604960010794,10.0,64.0,tt_error_func,8.0,,
262,262.0,262.0,262.0,STTA,1.043161132489146e-05,0.2884832989984716,,64.0,tt_error_func,8.0,10.0,20.0
263,263.0,263.0,263.0,HMT,6.2594068017774265e-06,0.1785134900019329,10.0,64.0,tt_error_func,9.0,,
264,264.0,264.0,264.0,STTA,1.383548666877867e-05,0.3003730130003532,,64.0,tt_error_func,9.0,10.0,20.0
265,265.0,265.0,265.0,HMT,6.986907591742123e-06,0.1752070959992124,10.0,64.0,tt_error_func,10.0,,
266,266.0,266.0,266.0,STTA,1.4799459004945164e-05,0.2802105959999608,,64.0,tt_error_func,10.0,10.0,20.0
267,267.0,267.0,267.0,HMT,6.131200420214488e-06,0.1744195739993301,10.0,64.0,tt_error_func,11.0,,
268,268.0,268.0,268.0,STTA,1.0514132347457203e-05,0.2837014090000593,,64.0,tt_error_func,11.0,10.0,20.0
269,269.0,269.0,269.0,HMT,7.955618865153116e-06,0.1678838180014281,10.0,64.0,tt_error_func,12.0,,
270,270.0,270.0,270.0,STTA,7.220622645507258e-06,0.2905662940029287,,64.0,tt_error_func,12.0,10.0,20.0
271,271.0,271.0,271.0,HMT,1.1921118030127869e-05,0.1605307209974853,10.0,64.0,tt_error_func,13.0,,
272,272.0,272.0,272.0,STTA,9.534577207999547e-06,0.2752530469988414,,64.0,tt_error_func,13.0,10.0,20.0
273,273.0,273.0,273.0,HMT,5.096966201092386e-06,0.1595637860009446,10.0,64.0,tt_error_func,14.0,,
274,274.0,274.0,274.0,STTA,9.11682936357104e-06,0.2694897729998047,,64.0,tt_error_func,14.0,10.0,20.0
275,275.0,275.0,275.0,HMT,7.363546569328994e-06,0.1647271649999311,10.0,64.0,tt_error_func,15.0,,
276,276.0,276.0,276.0,STTA,1.3084132200077424e-05,0.2667500320021645,,64.0,tt_error_func,15.0,10.0,20.0
277,277.0,277.0,277.0,HMT,8.255820434818398e-06,0.1591870940028457,10.0,64.0,tt_error_func,16.0,,
278,278.0,278.0,278.0,STTA,1.1913162292102716e-05,0.2717960809968645,,64.0,tt_error_func,16.0,10.0,20.0
279,279.0,279.0,279.0,HMT,6.400931729069107e-06,0.1571447960013756,10.0,64.0,tt_error_func,17.0,,
280,280.0,280.0,280.0,STTA,1.2764825452254775e-05,0.2598580359990592,,64.0,tt_error_func,17.0,10.0,20.0
281,281.0,281.0,281.0,HMT,6.854748394695804e-06,0.1617532239979482,10.0,64.0,tt_error_func,18.0,,
282,282.0,282.0,282.0,STTA,1.228666785418406e-05,0.2654278760019224,,64.0,tt_error_func,18.0,10.0,20.0
283,283.0,283.0,283.0,HMT,6.929564272732501e-06,0.1721951129984518,10.0,64.0,tt_error_func,19.0,,
284,284.0,284.0,284.0,STTA,1.3666060155400278e-05,0.2833872839983087,,64.0,tt_error_func,19.0,10.0,20.0
285,285.0,285.0,285.0,HMT,7.926697018418074e-06,0.1692090010001266,10.0,64.0,tt_error_func,20.0,,
286,286.0,286.0,286.0,STTA,9.495778530475752e-06,0.2808620039977541,,64.0,tt_error_func,20.0,10.0,20.0
287,287.0,287.0,287.0,HMT,8.659448521275721e-06,0.1709311579979839,10.0,64.0,tt_error_func,21.0,,
288,288.0,288.0,288.0,STTA,6.773876236805016e-06,0.2777119419988594,,64.0,tt_error_func,21.0,10.0,20.0
289,289.0,289.0,289.0,HMT,7.619083078865368e-06,0.1671050330005528,10.0,64.0,tt_error_func,22.0,,
290,290.0,290.0,290.0,STTA,9.513766045724696e-06,0.2647173129989824,,64.0,tt_error_func,22.0,10.0,20.0
291,291.0,291.0,291.0,HMT,7.2268707242503e-06,0.1569502349993854,10.0,64.0,tt_error_func,23.0,,
292,292.0,292.0,292.0,STTA,9.138454330337393e-06,0.2690370390009775,,64.0,tt_error_func,23.0,10.0,20.0
293,293.0,293.0,293.0,HMT,5.931014578061837e-06,0.1654880370006139,10.0,64.0,tt_error_func,24.0,,
294,294.0,294.0,294.0,STTA,9.787590765483788e-06,0.2706915650014707,,64.0,tt_error_func,24.0,10.0,20.0
295,295.0,295.0,295.0,HMT,9.924993813392832e-06,0.1603144670007168,10.0,64.0,tt_error_func,25.0,,
296,296.0,296.0,296.0,STTA,1.1393820550482608e-05,0.2681527739987359,,64.0,tt_error_func,25.0,10.0,20.0
297,297.0,297.0,297.0,HMT,9.419552685066637e-06,0.1627450070009217,10.0,64.0,tt_error_func,26.0,,
298,298.0,298.0,298.0,STTA,7.187199834421666e-06,0.2692774879978969,,64.0,tt_error_func,26.0,10.0,20.0
299,299.0,299.0,299.0,HMT,5.688523267467739e-06,0.1540835810010321,10.0,64.0,tt_error_func,27.0,,
300,300.0,300.0,300.0,STTA,1.5657527580553513e-05,0.267481831000623,,64.0,tt_error_func,27.0,10.0,20.0
301,301.0,301.0,301.0,HMT,7.63345317761778e-06,0.1551940369972726,10.0,64.0,tt_error_func,28.0,,
302,302.0,302.0,302.0,STTA,7.846148224892158e-06,0.2716462360003788,,64.0,tt_error_func,28.0,10.0,20.0
303,303.0,303.0,303.0,HMT,6.8696695732448655e-06,0.1561246710007253,10.0,64.0,tt_error_func,29.0,,
304,304.0,304.0,304.0,STTA,1.0000622276532246e-05,0.2755199920029554,,64.0,tt_error_func,29.0,10.0,20.0
305,305.0,305.0,,TT-SVD,1.2276969538128465e-06,0.3144824030023301,10.0,128.0,tt_error_func,,,
306,306.0,306.0,,HMT,1.338351920611068e-05,0.3646429699983855,10.0,128.0,tt_error_func,0.0,,
307,307.0,307.0,,STTA,1.5749194754284393e-05,0.519054362001043,,128.0,tt_error_func,0.0,10.0,20.0
308,308.0,308.0,,HMT,2.815422873784086e-05,0.3643609379978443,10.0,128.0,tt_error_func,1.0,,
309,309.0,309.0,,STTA,1.1968177058686344e-05,0.6306006310005614,,128.0,tt_error_func,1.0,10.0,20.0
310,310.0,310.0,,HMT,1.1425578276053515e-05,0.3369533129989577,10.0,128.0,tt_error_func,2.0,,
311,311.0,311.0,,STTA,1.3695244449212944e-05,0.546422117997281,,128.0,tt_error_func,2.0,10.0,20.0
312,312.0,312.0,,HMT,1.1491532431945987e-05,0.3164009080028336,10.0,128.0,tt_error_func,3.0,,
313,313.0,313.0,,STTA,1.3515113377723478e-05,0.5856127879997075,,128.0,tt_error_func,3.0,10.0,20.0
314,314.0,314.0,,HMT,1.0120298147618578e-05,0.3367519920029735,10.0,128.0,tt_error_func,4.0,,
315,315.0,315.0,,STTA,1.1389104531335784e-05,0.5517455520021031,,128.0,tt_error_func,4.0,10.0,20.0
316,316.0,316.0,,HMT,7.80531203052031e-06,0.335484068000369,10.0,128.0,tt_error_func,5.0,,
317,317.0,317.0,,STTA,1.4833155992589204e-05,0.563093568001932,,128.0,tt_error_func,5.0,10.0,20.0
318,318.0,318.0,,HMT,7.93223754736122e-06,0.3771369780006353,10.0,128.0,tt_error_func,6.0,,
319,319.0,319.0,,STTA,1.551504063230231e-05,0.5662155479985813,,128.0,tt_error_func,6.0,10.0,20.0
320,320.0,320.0,,HMT,9.712670448882927e-06,0.3415487960010068,10.0,128.0,tt_error_func,7.0,,
321,321.0,321.0,,STTA,1.825673230051383e-05,0.6153885800013086,,128.0,tt_error_func,7.0,10.0,20.0
322,322.0,322.0,,HMT,9.251937428182753e-06,0.3494017109987908,10.0,128.0,tt_error_func,8.0,,
323,323.0,323.0,,STTA,1.3950876063653442e-05,0.5610813309976947,,128.0,tt_error_func,8.0,10.0,20.0
324,324.0,324.0,,HMT,1.0730454177131307e-05,0.3457511380001961,10.0,128.0,tt_error_func,9.0,,
325,325.0,325.0,,STTA,1.2344252154426412e-05,0.5696568869971088,,128.0,tt_error_func,9.0,10.0,20.0
326,326.0,326.0,,HMT,1.0164712470771448e-05,0.3308183619992633,10.0,128.0,tt_error_func,10.0,,
327,327.0,327.0,,STTA,1.2954495882982847e-05,0.5579133200008073,,128.0,tt_error_func,10.0,10.0,20.0
328,328.0,328.0,,HMT,9.01411108342678e-06,0.3710267969981942,10.0,128.0,tt_error_func,11.0,,
329,329.0,329.0,,STTA,2.0802080085141503e-05,0.5991538989983383,,128.0,tt_error_func,11.0,10.0,20.0
330,330.0,330.0,,HMT,1.066017795523656e-05,0.3173874690000957,10.0,128.0,tt_error_func,12.0,,
331,331.0,331.0,,STTA,1.833244925659069e-05,0.608560007000051,,128.0,tt_error_func,12.0,10.0,20.0
332,332.0,332.0,,HMT,9.343985789333537e-06,0.4142125409998698,10.0,128.0,tt_error_func,13.0,,
333,333.0,333.0,,STTA,1.4918330191199912e-05,0.5846959720001905,,128.0,tt_error_func,13.0,10.0,20.0
334,334.0,334.0,,HMT,1.8577603051747125e-05,0.3569048930003191,10.0,128.0,tt_error_func,14.0,,
335,335.0,335.0,,STTA,1.4743964617785892e-05,0.623285361998569,,128.0,tt_error_func,14.0,10.0,20.0
336,336.0,336.0,,HMT,9.425677266842984e-06,0.4195805180024763,10.0,128.0,tt_error_func,15.0,,
337,337.0,,,STTA,2.568509314740152e-05,0.6280799839987594,,128.0,tt_error_func,15.0,10.0,20.0
338,338.0,,,HMT,8.895869247919948e-06,0.3290203030010161,10.0,128.0,tt_error_func,16.0,,
339,339.0,,,STTA,1.7381072828490365e-05,0.5642024470034812,,128.0,tt_error_func,16.0,10.0,20.0
340,340.0,,,HMT,1.2451899178682213e-05,0.319454124000913,10.0,128.0,tt_error_func,17.0,,
341,341.0,,,STTA,1.4967581484661709e-05,0.574696899002447,,128.0,tt_error_func,17.0,10.0,20.0
342,342.0,,,HMT,7.598873922295663e-06,0.3281667609990109,10.0,128.0,tt_error_func,18.0,,
343,343.0,,,STTA,1.805769670467043e-05,0.564474615999643,,128.0,tt_error_func,18.0,10.0,20.0
344,344.0,,,HMT,7.277251799242023e-06,0.3204556969976693,10.0,128.0,tt_error_func,19.0,,
345,345.0,,,STTA,1.4863937755318474e-05,0.5656866500030446,,128.0,tt_error_func,19.0,10.0,20.0
346,346.0,,,HMT,1.0090865847721812e-05,0.3272338679998938,10.0,128.0,tt_error_func,20.0,,
347,347.0,,,STTA,1.2619784596827331e-05,0.56879046800168,,128.0,tt_error_func,20.0,10.0,20.0
348,348.0,,,HMT,1.0407780054672122e-05,0.3196227340013138,10.0,128.0,tt_error_func,21.0,,
349,349.0,,,STTA,1.4586436948763215e-05,0.5703886629999033,,128.0,tt_error_func,21.0,10.0,20.0
350,350.0,,,HMT,1.0176728084230546e-05,0.3458128060010494,10.0,128.0,tt_error_func,22.0,,
351,351.0,,,STTA,1.5685060670959948e-05,0.5929893339998671,,128.0,tt_error_func,22.0,10.0,20.0
352,352.0,,,HMT,1.1700139639626285e-05,0.3260923540001386,10.0,128.0,tt_error_func,23.0,,
353,353.0,,,STTA,2.456756334713985e-05,0.508014438997634,,128.0,tt_error_func,23.0,10.0,20.0
354,354.0,,,HMT,8.512575230235072e-06,0.3482076710024557,10.0,128.0,tt_error_func,24.0,,
355,355.0,,,STTA,2.3238746518199813e-05,0.5760746189989732,,128.0,tt_error_func,24.0,10.0,20.0
356,356.0,,,HMT,9.45567464015226e-06,0.3387372320030408,10.0,128.0,tt_error_func,25.0,,
357,357.0,,,STTA,1.56809140506927e-05,0.5690457780001452,,128.0,tt_error_func,25.0,10.0,20.0
358,358.0,,,HMT,9.62848196534904e-06,0.3791436569990765,10.0,128.0,tt_error_func,26.0,,
359,359.0,,,STTA,1.7390584251038653e-05,0.5903969740029424,,128.0,tt_error_func,26.0,10.0,20.0
360,360.0,,,HMT,9.232122368445e-06,0.3431312760003493,10.0,128.0,tt_error_func,27.0,,
361,361.0,,,STTA,1.962338342671817e-05,0.5687009550019866,,128.0,tt_error_func,27.0,10.0,20.0
362,362.0,,,HMT,8.82825607524327e-06,0.3257473410012608,10.0,128.0,tt_error_func,28.0,,
363,363.0,,,STTA,1.5455234045914085e-05,0.5848552249990462,,128.0,tt_error_func,28.0,10.0,20.0
364,364.0,,,HMT,1.0022020142151867e-05,0.3424351630019373,10.0,128.0,tt_error_func,29.0,,
365,365.0,,,STTA,2.20192842343698e-05,0.608697960000427,,128.0,tt_error_func,29.0,10.0,20.0
366,366.0,,,TT-SVD,1.7404085571766728e-06,0.5263628930006234,10.0,256.0,tt_error_func,,,
367,367.0,,,HMT,1.5967153780106272e-05,0.6832416609977372,10.0,256.0,tt_error_func,0.0,,
368,368.0,,,STTA,2.5440108497988057e-05,1.1776824340013263,,256.0,tt_error_func,0.0,10.0,20.0
369,369.0,,,HMT,2.0042996984195625e-05,0.6381332700002531,10.0,256.0,tt_error_func,1.0,,
370,370.0,,,STTA,1.9709445243686044e-05,1.128764321001654,,256.0,tt_error_func,1.0,10.0,20.0
371,371.0,,,HMT,1.2549573784812096e-05,0.655078872001468,10.0,256.0,tt_error_func,2.0,,
372,372.0,,,STTA,2.1919713109140848e-05,1.1995177790013258,,256.0,tt_error_func,2.0,10.0,20.0
373,373.0,,,HMT,1.2517161974055712e-05,0.7184828179997567,10.0,256.0,tt_error_func,3.0,,
374,374.0,,,STTA,2.273979927710948e-05,1.186706726999546,,256.0,tt_error_func,3.0,10.0,20.0
375,375.0,,,HMT,1.2778163712436652e-05,0.6830324260008638,10.0,256.0,tt_error_func,4.0,,
376,376.0,,,STTA,1.964148605865173e-05,1.1457336079984088,,256.0,tt_error_func,4.0,10.0,20.0
377,377.0,,,HMT,1.701536294934735e-05,0.7190194079994399,10.0,256.0,tt_error_func,5.0,,
378,378.0,,,STTA,1.6268040773762727e-05,1.119494296999619,,256.0,tt_error_func,5.0,10.0,20.0
379,379.0,,,HMT,1.4100883205787884e-05,0.6878530089998094,10.0,256.0,tt_error_func,6.0,,
380,380.0,,,STTA,1.961395680966457e-05,1.1908831459986686,,256.0,tt_error_func,6.0,10.0,20.0
381,381.0,,,HMT,1.7509346261273287e-05,0.7017904220010678,10.0,256.0,tt_error_func,7.0,,
382,382.0,,,STTA,2.025956647154889e-05,1.1267209659999935,,256.0,tt_error_func,7.0,10.0,20.0
383,383.0,,,HMT,1.983228518689018e-05,0.6538544129980437,10.0,256.0,tt_error_func,8.0,,
384,384.0,,,STTA,2.2221988546547788e-05,1.2706402799994976,,256.0,tt_error_func,8.0,10.0,20.0
385,385.0,,,HMT,1.5667778119501555e-05,0.7060221739993722,10.0,256.0,tt_error_func,9.0,,
386,386.0,,,STTA,1.7371996242172603e-05,1.2159582899985253,,256.0,tt_error_func,9.0,10.0,20.0
387,387.0,,,HMT,1.0798673078326688e-05,0.6666954909997003,10.0,256.0,tt_error_func,10.0,,
388,388.0,,,STTA,2.080569571499717e-05,1.1781525010010228,,256.0,tt_error_func,10.0,10.0,20.0
389,389.0,,,HMT,1.5669690338115725e-05,0.6401923080011329,10.0,256.0,tt_error_func,11.0,,
390,390.0,,,STTA,2.973052179377724e-05,1.1916643919976195,,256.0,tt_error_func,11.0,10.0,20.0
391,391.0,,,HMT,1.4418107646227744e-05,0.6819942269976309,10.0,256.0,tt_error_func,12.0,,
392,392.0,,,STTA,2.17151113040826e-05,1.1647468260016467,,256.0,tt_error_func,12.0,10.0,20.0
393,393.0,,,HMT,1.6113327732562083e-05,0.6757778059982229,10.0,256.0,tt_error_func,13.0,,
394,394.0,,,STTA,1.9628177779957414e-05,1.2430018779996317,,256.0,tt_error_func,13.0,10.0,20.0
395,395.0,,,HMT,1.380493412095151e-05,0.6793799769984616,10.0,256.0,tt_error_func,14.0,,
396,396.0,,,STTA,2.077029822906538e-05,1.2354963030011277,,256.0,tt_error_func,14.0,10.0,20.0
397,397.0,,,HMT,2.256236661901028e-05,0.7241536559995438,10.0,256.0,tt_error_func,15.0,,
398,398.0,,,STTA,2.847803064299132e-05,1.180676162999589,,256.0,tt_error_func,15.0,10.0,20.0
399,399.0,,,HMT,1.6275049949408415e-05,0.6861747469993134,10.0,256.0,tt_error_func,16.0,,
400,400.0,,,STTA,1.992902209937485e-05,1.164192729000206,,256.0,tt_error_func,16.0,10.0,20.0
401,401.0,,,HMT,1.586634881705818e-05,0.6772230480019061,10.0,256.0,tt_error_func,17.0,,
402,402.0,,,STTA,2.296907421082236e-05,1.1384033690010256,,256.0,tt_error_func,17.0,10.0,20.0
403,403.0,,,HMT,1.5622498737493294e-05,0.6957981550003751,10.0,256.0,tt_error_func,18.0,,
404,404.0,,,STTA,2.502755408641671e-05,1.337551241002075,,256.0,tt_error_func,18.0,10.0,20.0
405,405.0,,,HMT,1.3502175077623023e-05,0.6619435690008686,10.0,256.0,tt_error_func,19.0,,
406,406.0,,,STTA,2.1267745596446056e-05,1.2034685569997237,,256.0,tt_error_func,19.0,10.0,20.0
407,407.0,,,HMT,1.9689999137559028e-05,0.6883845400006976,10.0,256.0,tt_error_func,20.0,,
408,408.0,,,STTA,2.154529522247101e-05,1.1896872220022487,,256.0,tt_error_func,20.0,10.0,20.0
409,409.0,,,HMT,1.7132305408215205e-05,0.6591653889990994,10.0,256.0,tt_error_func,21.0,,
410,410.0,,,STTA,2.0087650291407165e-05,1.172392379001394,,256.0,tt_error_func,21.0,10.0,20.0
411,411.0,,,HMT,3.324014313390851e-05,0.6703987729997607,10.0,256.0,tt_error_func,22.0,,
412,412.0,,,STTA,2.6936071488435063e-05,1.147377510998922,,256.0,tt_error_func,22.0,10.0,20.0
413,413.0,,,HMT,1.392665909188233e-05,0.7005831060014316,10.0,256.0,tt_error_func,23.0,,
414,414.0,,,STTA,3.096097506995908e-05,1.324510153997835,,256.0,tt_error_func,23.0,10.0,20.0
415,415.0,,,HMT,3.103311767646813e-05,0.6887831179992645,10.0,256.0,tt_error_func,24.0,,
416,416.0,,,STTA,2.1052489291019825e-05,1.1682648819987662,,256.0,tt_error_func,24.0,10.0,20.0
417,417.0,,,HMT,1.650278123621174e-05,0.7082713170020725,10.0,256.0,tt_error_func,25.0,,
418,418.0,,,STTA,1.966424448137431e-05,1.2140220620021864,,256.0,tt_error_func,25.0,10.0,20.0
419,419.0,,,HMT,1.4765114239158223e-05,0.7034774630010361,10.0,256.0,tt_error_func,26.0,,
420,420.0,,,STTA,2.432609820780669e-05,1.2259029970009578,,256.0,tt_error_func,26.0,10.0,20.0
421,421.0,,,HMT,2.7643458529872816e-05,0.685237515001063,10.0,256.0,tt_error_func,27.0,,
422,422.0,,,STTA,2.2190234714823186e-05,1.254445033002412,,256.0,tt_error_func,27.0,10.0,20.0
423,423.0,,,HMT,1.3087549762158988e-05,0.6674823399989691,10.0,256.0,tt_error_func,28.0,,
424,424.0,,,STTA,2.1624772590111825e-05,1.160558314000809,,256.0,tt_error_func,28.0,10.0,20.0
425,425.0,,,HMT,1.2002036459443686e-05,0.6642845989990747,10.0,256.0,tt_error_func,29.0,,
426,426.0,,,STTA,2.32998078808256e-05,1.176952142999653,,256.0,tt_error_func,29.0,10.0,20.0
427,427.0,,,TT-SVD,2.600538647302717e-06,1.1691327980006463,10.0,512.0,tt_error_func,,,
428,428.0,,,HMT,2.741451035219006e-05,1.4366358869992837,10.0,512.0,tt_error_func,0.0,,
429,429.0,,,STTA,3.0467464509063763e-05,2.506103425999754,,512.0,tt_error_func,0.0,10.0,20.0
430,430.0,,,HMT,2.324880738214159e-05,1.382301677000214,10.0,512.0,tt_error_func,1.0,,
431,431.0,,,STTA,3.1365817261717016e-05,2.446561627999472,,512.0,tt_error_func,1.0,10.0,20.0
432,432.0,,,HMT,2.73660731595254e-05,1.3800030780003,10.0,512.0,tt_error_func,2.0,,
433,433.0,,,STTA,3.0057073868725515e-05,2.364672382002027,,512.0,tt_error_func,2.0,10.0,20.0
434,434.0,,,HMT,2.5267866904676693e-05,1.3313635749982495,10.0,512.0,tt_error_func,3.0,,
435,435.0,,,STTA,3.694469534309124e-05,2.394355398999324,,512.0,tt_error_func,3.0,10.0,20.0
436,436.0,,,HMT,2.174138439007397e-05,1.5178019829982077,10.0,512.0,tt_error_func,4.0,,
437,437.0,,,STTA,4.128220582344482e-05,2.3577031810018525,,512.0,tt_error_func,4.0,10.0,20.0
438,438.0,,,HMT,2.582404716817878e-05,1.4206872150025447,10.0,512.0,tt_error_func,5.0,,
439,439.0,,,STTA,3.0955457857226034e-05,2.424575700999412,,512.0,tt_error_func,5.0,10.0,20.0
440,440.0,,,HMT,2.5052284008883177e-05,1.317869078000513,10.0,512.0,tt_error_func,6.0,,
441,441.0,,,STTA,3.36368225963764e-05,2.457039945998986,,512.0,tt_error_func,6.0,10.0,20.0
442,442.0,,,HMT,2.182900336515605e-05,1.4190475640025395,10.0,512.0,tt_error_func,7.0,,
443,443.0,,,STTA,3.355656535585016e-05,2.4370400509978936,,512.0,tt_error_func,7.0,10.0,20.0
444,444.0,,,HMT,2.378365584912954e-05,1.3713881650000983,10.0,512.0,tt_error_func,8.0,,
445,445.0,,,STTA,3.4285594047483345e-05,2.4193089610016614,,512.0,tt_error_func,8.0,10.0,20.0
446,446.0,,,HMT,2.9880189466269414e-05,1.421805497000605,10.0,512.0,tt_error_func,9.0,,
447,447.0,,,STTA,4.0358788135190366e-05,2.516935955001827,,512.0,tt_error_func,9.0,10.0,20.0
448,448.0,,,HMT,2.2451369321127045e-05,1.5284807389980417,10.0,512.0,tt_error_func,10.0,,
449,449.0,,,STTA,2.742090277815477e-05,2.490338237999822,,512.0,tt_error_func,10.0,10.0,20.0
450,450.0,,,HMT,2.3118385355859915e-05,1.3936716460011669,10.0,512.0,tt_error_func,11.0,,
451,451.0,,,STTA,3.15798894525448e-05,2.6353225860002567,,512.0,tt_error_func,11.0,10.0,20.0
452,452.0,,,HMT,1.9812704095100928e-05,1.3723292670001683,10.0,512.0,tt_error_func,12.0,,
453,453.0,,,STTA,3.4823695790733835e-05,2.417069368002558,,512.0,tt_error_func,12.0,10.0,20.0
454,454.0,,,HMT,2.034616855104229e-05,1.3899663900010637,10.0,512.0,tt_error_func,13.0,,
455,455.0,,,STTA,2.8812628504428096e-05,2.520129477001319,,512.0,tt_error_func,13.0,10.0,20.0
456,456.0,,,HMT,3.645614461663711e-05,1.3978380509979615,10.0,512.0,tt_error_func,14.0,,
457,457.0,,,STTA,3.230499451623216e-05,2.426136816000508,,512.0,tt_error_func,14.0,10.0,20.0
458,458.0,,,HMT,2.0547825627857296e-05,1.4597062159991765,10.0,512.0,tt_error_func,15.0,,
459,459.0,,,STTA,3.899764674653664e-05,2.313839160997304,,512.0,tt_error_func,15.0,10.0,20.0
460,460.0,,,HMT,2.122608548371588e-05,1.365353607998259,10.0,512.0,tt_error_func,16.0,,
461,461.0,,,STTA,2.9707304325308584e-05,2.4453783470016788,,512.0,tt_error_func,16.0,10.0,20.0
462,462.0,,,HMT,2.177198214039052e-05,1.4182126660016363,10.0,512.0,tt_error_func,17.0,,
463,463.0,,,STTA,3.561944127584397e-05,2.6061590110002726,,512.0,tt_error_func,17.0,10.0,20.0
464,464.0,,,HMT,2.0407185100795517e-05,1.4378675929983729,10.0,512.0,tt_error_func,18.0,,
465,465.0,,,STTA,3.2228175146230666e-05,2.5677596390014514,,512.0,tt_error_func,18.0,10.0,20.0
466,466.0,,,HMT,2.224139542233196e-05,1.4141242599980617,10.0,512.0,tt_error_func,19.0,,
467,467.0,,,STTA,3.332855761463746e-05,2.2694768920009665,,512.0,tt_error_func,19.0,10.0,20.0
468,468.0,,,HMT,2.3110737472302563e-05,1.4203667949986991,10.0,512.0,tt_error_func,20.0,,
469,469.0,,,STTA,3.296735582515293e-05,2.3878031360000023,,512.0,tt_error_func,20.0,10.0,20.0
470,470.0,,,HMT,2.1694258813860784e-05,1.433041439999215,10.0,512.0,tt_error_func,21.0,,
471,471.0,,,STTA,3.0422670475117745e-05,2.3942151720002585,,512.0,tt_error_func,21.0,10.0,20.0
472,472.0,,,HMT,2.445935477909221e-05,1.3843469620005635,10.0,512.0,tt_error_func,22.0,,
473,473.0,,,STTA,3.235309609147166e-05,2.3955697509991296,,512.0,tt_error_func,22.0,10.0,20.0
474,474.0,,,HMT,2.499941938116275e-05,1.447732401000394,10.0,512.0,tt_error_func,23.0,,
475,475.0,,,STTA,3.099501496107215e-05,2.347767224000563,,512.0,tt_error_func,23.0,10.0,20.0
476,476.0,,,HMT,4.443237617337334e-05,1.335548650000419,10.0,512.0,tt_error_func,24.0,,
477,477.0,,,STTA,2.6016833215997947e-05,2.0372312210020027,,512.0,tt_error_func,24.0,10.0,20.0
478,478.0,,,HMT,2.452641595738949e-05,1.4232962540008884,10.0,512.0,tt_error_func,25.0,,
479,479.0,,,STTA,3.447355708637079e-05,2.4378188289992977,,512.0,tt_error_func,25.0,10.0,20.0
480,480.0,,,HMT,2.11549479701225e-05,1.3706241710024187,10.0,512.0,tt_error_func,26.0,,
481,481.0,,,STTA,4.543632918552265e-05,2.4162775699987837,,512.0,tt_error_func,26.0,10.0,20.0
482,482.0,,,HMT,2.282089761605701e-05,1.4335142099989753,10.0,512.0,tt_error_func,27.0,,
483,483.0,,,STTA,3.4280750637140855e-05,2.5142045320026227,,512.0,tt_error_func,27.0,10.0,20.0
484,484.0,,,HMT,2.2410568860451654e-05,1.359989486001723,10.0,512.0,tt_error_func,28.0,,
485,485.0,,,STTA,3.222656436844077e-05,2.321339566999086,,512.0,tt_error_func,28.0,10.0,20.0
486,486.0,,,HMT,2.3750363366626377e-05,1.431450850002875,10.0,512.0,tt_error_func,29.0,,
487,487.0,,,STTA,3.203906376586202e-05,2.2758768259991484,,512.0,tt_error_func,29.0,10.0,20.0
488,488.0,,,TT-SVD,3.622980670480098e-06,2.319735304998176,10.0,1024.0,tt_error_func,,,
489,489.0,,,HMT,2.990736920535148e-05,3.0886421899995185,10.0,1024.0,tt_error_func,0.0,,
490,490.0,,,STTA,5.079099136457716e-05,5.080812527001399,,1024.0,tt_error_func,0.0,10.0,20.0
491,491.0,,,HMT,2.830087628544153e-05,3.0171305859985296,10.0,1024.0,tt_error_func,1.0,,
492,492.0,,,STTA,5.7707417611345456e-05,5.087991255000816,,1024.0,tt_error_func,1.0,10.0,20.0
493,493.0,,,HMT,3.136590445615574e-05,2.878271940000559,10.0,1024.0,tt_error_func,2.0,,
494,494.0,,,STTA,4.235710306135304e-05,4.966230975001963,,1024.0,tt_error_func,2.0,10.0,20.0
495,495.0,,,HMT,3.667216010870781e-05,2.9154946050002764,10.0,1024.0,tt_error_func,3.0,,
496,496.0,,,STTA,4.8758875743940415e-05,4.988195857997198,,1024.0,tt_error_func,3.0,10.0,20.0
497,497.0,,,HMT,3.254622167431097e-05,2.9091459379997104,10.0,1024.0,tt_error_func,4.0,,
498,498.0,,,STTA,4.616061476705044e-05,5.075321787000576,,1024.0,tt_error_func,4.0,10.0,20.0
499,499.0,,,HMT,3.113628125684834e-05,2.915513808002288,10.0,1024.0,tt_error_func,5.0,,
500,500.0,,,STTA,4.7823549163766246e-05,4.863589449003484,,1024.0,tt_error_func,5.0,10.0,20.0
501,501.0,,,HMT,3.457466695524709e-05,2.6170306770000025,10.0,1024.0,tt_error_func,6.0,,
502,502.0,,,STTA,4.977462971966831e-05,4.844719799999439,,1024.0,tt_error_func,6.0,10.0,20.0
503,503.0,,,HMT,4.726261139503175e-05,2.7805102499987697,10.0,1024.0,tt_error_func,7.0,,
504,504.0,,,STTA,4.405748635656344e-05,5.05748771800063,,1024.0,tt_error_func,7.0,10.0,20.0
505,505.0,,,HMT,3.063601794877083e-05,2.9656547279992083,10.0,1024.0,tt_error_func,8.0,,
506,506.0,,,STTA,4.327853767375949e-05,4.836393953999504,,1024.0,tt_error_func,8.0,10.0,20.0
507,507.0,,,HMT,2.8966802321421133e-05,3.0404299660003744,10.0,1024.0,tt_error_func,9.0,,
508,508.0,,,STTA,4.581641585417717e-05,4.853538575996936,,1024.0,tt_error_func,9.0,10.0,20.0
509,509.0,,,HMT,2.9691150807173435e-05,2.9225227370006905,10.0,1024.0,tt_error_func,10.0,,
510,510.0,,,STTA,4.273666762878919e-05,4.721692600000097,,1024.0,tt_error_func,10.0,10.0,20.0
511,511.0,,,HMT,2.945810980339173e-05,2.816079932999856,10.0,1024.0,tt_error_func,11.0,,
512,512.0,,,STTA,4.833523400943484e-05,5.130736502000218,,1024.0,tt_error_func,11.0,10.0,20.0
513,513.0,,,HMT,3.028135688167081e-05,2.960609387999284,10.0,1024.0,tt_error_func,12.0,,
514,514.0,,,STTA,5.434630097184528e-05,5.127155049998692,,1024.0,tt_error_func,12.0,10.0,20.0
515,515.0,,,HMT,3.2179054162183986e-05,2.819754952000949,10.0,1024.0,tt_error_func,13.0,,
516,516.0,,,STTA,4.829130379051082e-05,4.694238817999576,,1024.0,tt_error_func,13.0,10.0,20.0
517,517.0,,,HMT,2.7482108791286173e-05,3.0371834129982744,10.0,1024.0,tt_error_func,14.0,,
518,518.0,,,STTA,4.587137074348147e-05,5.013393311000982,,1024.0,tt_error_func,14.0,10.0,20.0
519,519.0,,,HMT,3.0073728618743144e-05,2.8754453060028027,10.0,1024.0,tt_error_func,15.0,,
520,520.0,,,STTA,4.211284002317144e-05,4.618550265000522,,1024.0,tt_error_func,15.0,10.0,20.0
521,521.0,,,HMT,2.9226781886128875e-05,2.9727166109987597,10.0,1024.0,tt_error_func,16.0,,
522,522.0,,,STTA,4.028092746711242e-05,4.989076098998339,,1024.0,tt_error_func,16.0,10.0,20.0
523,523.0,,,HMT,2.9426510206687285e-05,2.851516533999529,10.0,1024.0,tt_error_func,17.0,,
524,524.0,,,STTA,4.6188360831659046e-05,4.960568485999829,,1024.0,tt_error_func,17.0,10.0,20.0
525,525.0,,,HMT,3.5687286419433193e-05,2.790970417998324,10.0,1024.0,tt_error_func,18.0,,
526,526.0,,,STTA,5.670978146408913e-05,4.974449507997633,,1024.0,tt_error_func,18.0,10.0,20.0
527,527.0,,,HMT,3.1930219212478994e-05,2.85276002899991,10.0,1024.0,tt_error_func,19.0,,
528,528.0,,,STTA,4.473356159934711e-05,5.030619536002632,,1024.0,tt_error_func,19.0,10.0,20.0
529,529.0,,,HMT,3.107153266267069e-05,2.677140201001748,10.0,1024.0,tt_error_func,20.0,,
530,530.0,,,STTA,4.24321493783857e-05,5.139114648998657,,1024.0,tt_error_func,20.0,10.0,20.0
531,531.0,,,HMT,2.8007372782690264e-05,2.803196871002001,10.0,1024.0,tt_error_func,21.0,,
532,532.0,,,STTA,4.524282700538576e-05,5.091087177999725,,1024.0,tt_error_func,21.0,10.0,20.0
533,533.0,,,HMT,2.779638303911291e-05,2.9084104070025205,10.0,1024.0,tt_error_func,22.0,,
534,534.0,,,STTA,4.198902161357587e-05,4.694066831998498,,1024.0,tt_error_func,22.0,10.0,20.0
535,535.0,,,HMT,3.280623188409116e-05,2.9704995489992143,10.0,1024.0,tt_error_func,23.0,,
536,536.0,,,STTA,5.088011937558704e-05,5.078363264998188,,1024.0,tt_error_func,23.0,10.0,20.0
537,537.0,,,HMT,3.207829093009232e-05,3.04214429700005,10.0,1024.0,tt_error_func,24.0,,
538,538.0,,,STTA,5.033827435464677e-05,4.624901274000877,,1024.0,tt_error_func,24.0,10.0,20.0
539,539.0,,,HMT,2.7929603169596104e-05,2.864431895999587,10.0,1024.0,tt_error_func,25.0,,
540,540.0,,,STTA,5.574779311707095e-05,5.045839303998946,,1024.0,tt_error_func,25.0,10.0,20.0
541,541.0,,,HMT,3.260507523691937e-05,3.125246342999162,10.0,1024.0,tt_error_func,26.0,,
542,542.0,,,STTA,5.157754732759234e-05,5.127829168002791,,1024.0,tt_error_func,26.0,10.0,20.0
543,543.0,,,HMT,3.4243743173011e-05,2.8321981099979894,10.0,1024.0,tt_error_func,27.0,,
544,544.0,,,STTA,4.011367974858489e-05,4.830746371000714,,1024.0,tt_error_func,27.0,10.0,20.0
545,545.0,,,HMT,3.0227280085795008e-05,2.7959487400003127,10.0,1024.0,tt_error_func,28.0,,
546,546.0,,,STTA,4.4758370242669e-05,5.004368257999886,,1024.0,tt_error_func,28.0,10.0,20.0
547,547.0,,,HMT,3.301013993996907e-05,2.963119860000006,10.0,1024.0,tt_error_func,29.0,,
548,548.0,,,STTA,3.660868754700791e-05,5.224052922003466,,1024.0,tt_error_func,29.0,10.0,20.0
549,549.0,,,TT-SVD,5.1131648871468685e-06,4.891214827999647,10.0,2048.0,tt_error_func,,,
550,550.0,,,HMT,4.475923251846613e-05,6.297021193997352,10.0,2048.0,tt_error_func,0.0,,
551,551.0,,,STTA,6.456026293418559e-05,10.515179968999291,,2048.0,tt_error_func,0.0,10.0,20.0
552,552.0,,,HMT,4.4936246246142886e-05,6.190405383997131,10.0,2048.0,tt_error_func,1.0,,
553,553.0,,,STTA,5.911797695123531e-05,10.456545647000894,,2048.0,tt_error_func,1.0,10.0,20.0
554,554.0,,,HMT,5.074865210220468e-05,6.128424785998504,10.0,2048.0,tt_error_func,2.0,,
555,555.0,,,STTA,5.501385414541816e-05,10.19455667099828,,2048.0,tt_error_func,2.0,10.0,20.0
556,556.0,,,HMT,4.370912928692504e-05,6.224899507000373,10.0,2048.0,tt_error_func,3.0,,
557,557.0,,,STTA,6.474769764081787e-05,9.938531595002132,,2048.0,tt_error_func,3.0,10.0,20.0
558,558.0,,,HMT,4.4852299420247e-05,6.245650232998742,10.0,2048.0,tt_error_func,4.0,,
559,559.0,,,STTA,6.28672636634105e-05,10.08061814300163,,2048.0,tt_error_func,4.0,10.0,20.0
560,560.0,,,HMT,4.989142556842527e-05,6.354445906999899,10.0,2048.0,tt_error_func,5.0,,
561,561.0,,,STTA,6.306325325756077e-05,10.869126638001037,,2048.0,tt_error_func,5.0,10.0,20.0
562,562.0,,,HMT,4.625945437385358e-05,6.491624678001244,10.0,2048.0,tt_error_func,6.0,,
563,563.0,,,STTA,6.683889299594924e-05,10.96123306500158,,2048.0,tt_error_func,6.0,10.0,20.0
564,564.0,,,HMT,4.79803777988551e-05,6.357245354000042,10.0,2048.0,tt_error_func,7.0,,
565,565.0,,,STTA,6.456493038744311e-05,10.53510868900048,,2048.0,tt_error_func,7.0,10.0,20.0
566,566.0,,,HMT,4.139130482400368e-05,6.20672250500138,10.0,2048.0,tt_error_func,8.0,,
567,567.0,,,STTA,6.873604303441373e-05,10.39106048100075,,2048.0,tt_error_func,8.0,10.0,20.0
568,568.0,,,HMT,4.368466524201463e-05,5.97261196999898,10.0,2048.0,tt_error_func,9.0,,
569,569.0,,,STTA,6.849489007791157e-05,10.322504450999986,,2048.0,tt_error_func,9.0,10.0,20.0
570,570.0,,,HMT,4.421904693075407e-05,5.830636062000849,10.0,2048.0,tt_error_func,10.0,,
571,571.0,,,STTA,7.882688792462348e-05,10.410587039001255,,2048.0,tt_error_func,10.0,10.0,20.0
572,572.0,,,HMT,5.9762406703029024e-05,6.316794571997889,10.0,2048.0,tt_error_func,11.0,,
573,573.0,,,STTA,6.697910095387228e-05,10.50044710200018,,2048.0,tt_error_func,11.0,10.0,20.0
574,574.0,,,HMT,5.096725081746459e-05,6.1158178049990966,10.0,2048.0,tt_error_func,12.0,,
575,575.0,,,STTA,6.528686382825316e-05,10.735505816999648,,2048.0,tt_error_func,12.0,10.0,20.0
576,576.0,,,HMT,4.098112097794509e-05,6.423355603001255,10.0,2048.0,tt_error_func,13.0,,
577,577.0,,,STTA,6.560576043226367e-05,10.378881427001032,,2048.0,tt_error_func,13.0,10.0,20.0
578,578.0,,,HMT,4.4608633772304816e-05,6.291580763001548,10.0,2048.0,tt_error_func,14.0,,
579,579.0,,,STTA,6.564404349837637e-05,9.96292774199901,,2048.0,tt_error_func,14.0,10.0,20.0
580,580.0,,,HMT,4.256998219072887e-05,6.356608021000284,10.0,2048.0,tt_error_func,15.0,,
581,581.0,,,STTA,7.403897745844652e-05,10.579471670000204,,2048.0,tt_error_func,15.0,10.0,20.0
582,582.0,,,HMT,4.533917074293849e-05,6.09538217500085,10.0,2048.0,tt_error_func,16.0,,
583,583.0,,,STTA,7.36243430998231e-05,10.054511704998731,,2048.0,tt_error_func,16.0,10.0,20.0
584,584.0,,,HMT,4.72505232894356e-05,6.264888524001435,10.0,2048.0,tt_error_func,17.0,,
585,585.0,,,STTA,6.288582679765111e-05,10.706093540997244,,2048.0,tt_error_func,17.0,10.0,20.0
586,586.0,,,HMT,4.556483711738244e-05,6.272430232998886,10.0,2048.0,tt_error_func,18.0,,
587,587.0,,,STTA,6.450300719810968e-05,10.511436354998295,,2048.0,tt_error_func,18.0,10.0,20.0
588,588.0,,,HMT,4.8812155275434105e-05,6.319963876001566,10.0,2048.0,tt_error_func,19.0,,
589,589.0,,,STTA,6.745675941313355e-05,10.27817318599773,,2048.0,tt_error_func,19.0,10.0,20.0
590,590.0,,,HMT,4.435231093013273e-05,6.410046098000748,10.0,2048.0,tt_error_func,20.0,,
591,591.0,,,STTA,6.565124738203727e-05,10.259247728001355,,2048.0,tt_error_func,20.0,10.0,20.0
592,592.0,,,HMT,4.516247847539101e-05,5.842063501000666,10.0,2048.0,tt_error_func,21.0,,
593,593.0,,,STTA,6.553898947655941e-05,10.311753068999678,,2048.0,tt_error_func,21.0,10.0,20.0
594,594.0,,,HMT,5.079389916831655e-05,6.256015188999299,10.0,2048.0,tt_error_func,22.0,,
595,595.0,,,STTA,6.476148709905891e-05,10.46235622200038,,2048.0,tt_error_func,22.0,10.0,20.0
596,596.0,,,HMT,5.748466924780607e-05,6.423143891999644,10.0,2048.0,tt_error_func,23.0,,
597,597.0,,,STTA,6.440079311120686e-05,10.052911447000952,,2048.0,tt_error_func,23.0,10.0,20.0
598,598.0,,,HMT,4.775208651375338e-05,6.45577652800057,10.0,2048.0,tt_error_func,24.0,,
599,599.0,,,STTA,6.446760132374227e-05,10.406973780001865,,2048.0,tt_error_func,24.0,10.0,20.0
600,600.0,,,HMT,4.435022208102692e-05,6.265081624998857,10.0,2048.0,tt_error_func,25.0,,
601,601.0,,,STTA,6.871300879894317e-05,10.232273409001207,,2048.0,tt_error_func,25.0,10.0,20.0
602,602.0,,,HMT,4.8346586062275045e-05,6.1524303590013005,10.0,2048.0,tt_error_func,26.0,,
603,603.0,,,STTA,6.477393435516238e-05,10.703718999997363,,2048.0,tt_error_func,26.0,10.0,20.0
604,604.0,,,HMT,4.471024586205918e-05,6.253814772000624,10.0,2048.0,tt_error_func,27.0,,
605,605.0,,,STTA,6.963218188456865e-05,10.578212590997282,,2048.0,tt_error_func,27.0,10.0,20.0
606,606.0,,,HMT,4.653550249773352e-05,6.329741827001271,10.0,2048.0,tt_error_func,28.0,,
607,607.0,,,STTA,6.852736047509873e-05,10.59337371100264,,2048.0,tt_error_func,28.0,10.0,20.0
608,608.0,,,HMT,4.640815186002342e-05,6.21362414000032,10.0,2048.0,tt_error_func,29.0,,
609,609.0,,,STTA,6.329586672016247e-05,10.378335066001457,,2048.0,tt_error_func,29.0,10.0,20.0
610,610.0,,,TT-SVD,7.233183796646326e-06,13.15606255199964,10.0,4096.0,tt_error_func,,,
611,611.0,,,HMT,7.157257809678648e-05,15.137554758999611,10.0,4096.0,tt_error_func,0.0,,
612,612.0,,,STTA,9.070054902587512e-05,23.87393440500091,,4096.0,tt_error_func,0.0,10.0,20.0
613,613.0,,,HMT,6.220913192357798e-05,14.978855640001711,10.0,4096.0,tt_error_func,1.0,,
614,614.0,,,STTA,0.0001005562459649,24.074000003998663,,4096.0,tt_error_func,1.0,10.0,20.0
615,615.0,,,HMT,6.324818064743398e-05,15.180984360002183,10.0,4096.0,tt_error_func,2.0,,
616,616.0,,,STTA,0.0001035855871166,24.0707048080003,,4096.0,tt_error_func,2.0,10.0,20.0
617,617.0,,,HMT,6.414367724096978e-05,15.30737539799884,10.0,4096.0,tt_error_func,3.0,,
618,618.0,,,STTA,9.081477834284164e-05,23.970059711999056,,4096.0,tt_error_func,3.0,10.0,20.0
619,619.0,,,HMT,6.438339792573701e-05,15.181378046003374,10.0,4096.0,tt_error_func,4.0,,
620,620.0,,,STTA,9.11014422931287e-05,23.31827043100202,,4096.0,tt_error_func,4.0,10.0,20.0
621,621.0,,,HMT,7.230535041550012e-05,15.285409764001088,10.0,4096.0,tt_error_func,5.0,,
622,622.0,,,STTA,8.91902361896413e-05,24.45142965299965,,4096.0,tt_error_func,5.0,10.0,20.0
623,623.0,,,HMT,6.750290989164379e-05,15.31827962600073,10.0,4096.0,tt_error_func,6.0,,
624,624.0,,,STTA,9.482531617007482e-05,24.32404686999871,,4096.0,tt_error_func,6.0,10.0,20.0
625,625.0,,,HMT,6.377933461203312e-05,15.242148672998155,10.0,4096.0,tt_error_func,7.0,,
626,626.0,,,STTA,9.148216570778768e-05,23.62010505800208,,4096.0,tt_error_func,7.0,10.0,20.0
627,627.0,,,HMT,6.113243253326403e-05,15.371532228000431,10.0,4096.0,tt_error_func,8.0,,
628,628.0,,,STTA,9.491221144368837e-05,24.016451564999443,,4096.0,tt_error_func,8.0,10.0,20.0
629,629.0,,,HMT,6.977433289231477e-05,15.069184898999085,10.0,4096.0,tt_error_func,9.0,,
630,630.0,,,STTA,9.268036198280628e-05,23.737336835998576,,4096.0,tt_error_func,9.0,10.0,20.0
631,631.0,,,HMT,6.382343184028006e-05,15.388461902999552,10.0,4096.0,tt_error_func,10.0,,
632,632.0,,,STTA,9.762951888174108e-05,23.55108742399898,,4096.0,tt_error_func,10.0,10.0,20.0
633,,,,HMT,6.21006052082109e-05,15.551385038997978,10.0,4096.0,tt_error_func,11.0,,
634,,,,STTA,9.445831480129477e-05,23.768620410999574,,4096.0,tt_error_func,11.0,10.0,20.0
635,,,,HMT,6.37598492629252e-05,15.367935291997128,10.0,4096.0,tt_error_func,12.0,,
636,,,,STTA,0.00010192116727906804,23.612340151001263,,4096.0,tt_error_func,12.0,10.0,20.0
637,,,,HMT,6.861354410332524e-05,15.585882557999867,10.0,4096.0,tt_error_func,13.0,,
638,,,,STTA,0.00011664653200563647,23.654398175000097,,4096.0,tt_error_func,13.0,10.0,20.0
639,,,,HMT,6.0778458802415256e-05,15.331745561001298,10.0,4096.0,tt_error_func,14.0,,
640,,,,STTA,0.00010868411105441346,23.058980215999327,,4096.0,tt_error_func,14.0,10.0,20.0
641,,,,HMT,7.249475869574498e-05,15.069642688002205,10.0,4096.0,tt_error_func,15.0,,
642,,,,STTA,9.009876406985332e-05,23.17720091999945,,4096.0,tt_error_func,15.0,10.0,20.0
643,,,,HMT,6.437836716088375e-05,15.37983325699679,10.0,4096.0,tt_error_func,16.0,,
644,,,,STTA,0.00010830094205298166,23.355971947999933,,4096.0,tt_error_func,16.0,10.0,20.0
645,,,,HMT,6.791600538533316e-05,15.23176040999897,10.0,4096.0,tt_error_func,17.0,,
646,,,,STTA,9.787410792820452e-05,23.30224781799916,,4096.0,tt_error_func,17.0,10.0,20.0
647,,,,HMT,6.368759860893418e-05,15.364572292000958,10.0,4096.0,tt_error_func,18.0,,
648,,,,STTA,9.646100784715817e-05,22.98015090300032,,4096.0,tt_error_func,18.0,10.0,20.0
649,,,,HMT,6.938652164303612e-05,15.537556410999969,10.0,4096.0,tt_error_func,19.0,,
650,,,,STTA,0.00010488664532763631,23.827354139997624,,4096.0,tt_error_func,19.0,10.0,20.0
651,,,,HMT,6.612537581734051e-05,15.356045968001126,10.0,4096.0,tt_error_func,20.0,,
652,,,,STTA,9.945536679444611e-05,23.641645421001158,,4096.0,tt_error_func,20.0,10.0,20.0
653,,,,HMT,6.173489102936519e-05,15.247002705997147,10.0,4096.0,tt_error_func,21.0,,
654,,,,STTA,0.00010684324521190768,23.414756017999025,,4096.0,tt_error_func,21.0,10.0,20.0
655,,,,HMT,7.451737747116308e-05,15.580254158998287,10.0,4096.0,tt_error_func,22.0,,
656,,,,STTA,9.853461053734258e-05,23.82693802599897,,4096.0,tt_error_func,22.0,10.0,20.0
657,,,,HMT,6.361955348169255e-05,15.066734626001562,10.0,4096.0,tt_error_func,23.0,,
658,,,,STTA,9.194754446446152e-05,23.915129978999175,,4096.0,tt_error_func,23.0,10.0,20.0
659,,,,HMT,6.683375958134506e-05,15.173967500002618,10.0,4096.0,tt_error_func,24.0,,
660,,,,STTA,9.667558913829276e-05,23.89419026500036,,4096.0,tt_error_func,24.0,10.0,20.0
661,,,,HMT,6.197048499357878e-05,15.251425318001566,10.0,4096.0,tt_error_func,25.0,,
662,,,,STTA,0.00011346496920397247,23.376578248997248,,4096.0,tt_error_func,25.0,10.0,20.0
663,,,,HMT,6.569467798724307e-05,15.11056404700139,10.0,4096.0,tt_error_func,26.0,,
664,,,,STTA,9.363071719544706e-05,23.177501565001876,,4096.0,tt_error_func,26.0,10.0,20.0
665,,,,HMT,6.501793201524385e-05,15.087621769998805,10.0,4096.0,tt_error_func,27.0,,
666,,,,STTA,9.981905243039617e-05,23.58857628500118,,4096.0,tt_error_func,27.0,10.0,20.0
667,,,,HMT,6.55727739494697e-05,15.525992427999881,10.0,4096.0,tt_error_func,28.0,,
668,,,,STTA,9.241425452393447e-05,23.472916381997493,,4096.0,tt_error_func,28.0,10.0,20.0
669,,,,HMT,6.079110846325522e-05,15.159844929999963,10.0,4096.0,tt_error_func,29.0,,
670,,,,STTA,0.0001015508326401726,23.722687163000955,,4096.0,tt_error_func,29.0,10.0,20.0
671,,,,TT-SVD,1.0205271688552049e-05,46.51858989799803,10.0,8192.0,tt_error_func,,,
672,,,,HMT,9.56318021794012e-05,51.47251502600193,10.0,8192.0,tt_error_func,0.0,,
673,,,,STTA,0.00012937059524859915,66.84315142699779,,8192.0,tt_error_func,0.0,10.0,20.0
674,,,,HMT,9.326992207683695e-05,50.466851016000874,10.0,8192.0,tt_error_func,1.0,,
675,,,,STTA,0.00012874911662163875,66.89421907499855,,8192.0,tt_error_func,1.0,10.0,20.0
676,,,,HMT,9.708115087036658e-05,50.399172020999686,10.0,8192.0,tt_error_func,2.0,,
677,,,,STTA,0.00013421361676804657,68.02951836899956,,8192.0,tt_error_func,2.0,10.0,20.0
678,,,,HMT,9.479337271445926e-05,50.838601628001925,10.0,8192.0,tt_error_func,3.0,,
679,,,,STTA,0.00012611225700657808,66.74827937699956,,8192.0,tt_error_func,3.0,10.0,20.0
680,,,,HMT,9.934096383496699e-05,51.347011036003096,10.0,8192.0,tt_error_func,4.0,,
681,,,,STTA,0.00013263587730966633,67.48543715999767,,8192.0,tt_error_func,4.0,10.0,20.0
682,,,,HMT,9.463795985754044e-05,51.1365916629984,10.0,8192.0,tt_error_func,5.0,,
683,,,,STTA,0.00012532680164026587,68.06108376799966,,8192.0,tt_error_func,5.0,10.0,20.0
684,,,,HMT,0.00010734314138580575,50.88265208100347,10.0,8192.0,tt_error_func,6.0,,
685,,,,STTA,0.00015250382651312434,67.09189171499747,,8192.0,tt_error_func,6.0,10.0,20.0
686,,,,HMT,9.137941911249697e-05,51.26176334099728,10.0,8192.0,tt_error_func,7.0,,
687,,,,STTA,0.00013353174865865343,67.41453538999849,,8192.0,tt_error_func,7.0,10.0,20.0
688,,,,HMT,9.085799133375097e-05,50.80288207799822,10.0,8192.0,tt_error_func,8.0,,
689,,,,STTA,0.00013025167562070742,67.55319241500183,,8192.0,tt_error_func,8.0,10.0,20.0
690,,,,HMT,0.00010300903666567817,53.34146827400036,10.0,8192.0,tt_error_func,9.0,,
691,,,,STTA,0.0001420534355230119,66.96092037100243,,8192.0,tt_error_func,9.0,10.0,20.0
692,,,,HMT,8.990150330225989e-05,51.39963010900101,10.0,8192.0,tt_error_func,10.0,,
693,,,,STTA,0.00013225216761566657,67.67900643800021,,8192.0,tt_error_func,10.0,10.0,20.0
694,,,,HMT,9.418439564741777e-05,51.01298133799719,10.0,8192.0,tt_error_func,11.0,,
695,,,,STTA,0.00013412745695798295,66.75580356700084,,8192.0,tt_error_func,11.0,10.0,20.0
696,,,,HMT,9.781645390862533e-05,50.42018786599874,10.0,8192.0,tt_error_func,12.0,,
697,,,,STTA,0.00012999633861842028,67.42605254199952,,8192.0,tt_error_func,12.0,10.0,20.0
698,,,,HMT,9.575959122982712e-05,51.22114709299785,10.0,8192.0,tt_error_func,13.0,,
699,,,,STTA,0.00014443595499463803,66.66961513600108,,8192.0,tt_error_func,13.0,10.0,20.0
700,,,,HMT,8.798674617722098e-05,50.042683780000516,10.0,8192.0,tt_error_func,14.0,,
701,,,,STTA,0.00014955266541085292,67.37430937099998,,8192.0,tt_error_func,14.0,10.0,20.0
702,,,,HMT,9.26979768796708e-05,50.48711497600016,10.0,8192.0,tt_error_func,15.0,,
703,,,,STTA,0.00012839255458732554,66.57353310100007,,8192.0,tt_error_func,15.0,10.0,20.0
704,,,,HMT,9.029966309020815e-05,50.97660715799793,10.0,8192.0,tt_error_func,16.0,,
705,,,,STTA,0.0001310738783725812,67.24492719200134,,8192.0,tt_error_func,16.0,10.0,20.0
706,,,,HMT,9.375601385472787e-05,50.08402642100191,10.0,8192.0,tt_error_func,17.0,,
707,,,,STTA,0.0001352254578148175,65.74453029399956,,8192.0,tt_error_func,17.0,10.0,20.0
708,,,,HMT,9.103736553911124e-05,50.384480958000495,10.0,8192.0,tt_error_func,18.0,,
709,,,,STTA,0.00012711143571284445,66.21087051799987,,8192.0,tt_error_func,18.0,10.0,20.0
710,,,,HMT,8.570471228794362e-05,50.155246058002376,10.0,8192.0,tt_error_func,19.0,,
711,,,,STTA,0.0001289821011278739,67.39189441499911,,8192.0,tt_error_func,19.0,10.0,20.0
712,,,,HMT,8.542813240201033e-05,51.26675225700092,10.0,8192.0,tt_error_func,20.0,,
713,,,,STTA,0.00013400166422307972,67.7811492059991,,8192.0,tt_error_func,20.0,10.0,20.0
714,,,,HMT,9.271242290608078e-05,51.66358351500094,10.0,8192.0,tt_error_func,21.0,,
715,,,,STTA,0.00013415487209042043,67.66618015399945,,8192.0,tt_error_func,21.0,10.0,20.0
716,,,,HMT,9.096034161746414e-05,51.74778315799995,10.0,8192.0,tt_error_func,22.0,,
717,,,,STTA,0.00014482201485092977,67.25400792499931,,8192.0,tt_error_func,22.0,10.0,20.0
718,,,,HMT,9.03243777782791e-05,51.43363742499787,10.0,8192.0,tt_error_func,23.0,,
719,,,,STTA,0.00019895014271101554,69.05251421700086,,8192.0,tt_error_func,23.0,10.0,20.0
720,,,,HMT,9.213926911980922e-05,52.79964203599957,10.0,8192.0,tt_error_func,24.0,,
721,,,,STTA,0.00013174262872829017,67.91260708000118,,8192.0,tt_error_func,24.0,10.0,20.0
722,,,,HMT,0.0001036323255465236,50.006706570999086,10.0,8192.0,tt_error_func,25.0,,
723,,,,STTA,0.00013898408472371332,67.99035293400084,,8192.0,tt_error_func,25.0,10.0,20.0
724,,,,HMT,9.594708060575973e-05,52.91989788199862,10.0,8192.0,tt_error_func,26.0,,
725,,,,STTA,0.00014051208933040703,69.32949356099925,,8192.0,tt_error_func,26.0,10.0,20.0
726,,,,HMT,9.177597340592959e-05,52.736442002998956,10.0,8192.0,tt_error_func,27.0,,
727,,,,STTA,0.000144234018599636,68.7391563759993,,8192.0,tt_error_func,27.0,10.0,20.0
728,,,,HMT,9.235075584277197e-05,51.18867736299944,10.0,8192.0,tt_error_func,28.0,,
729,,,,STTA,0.0001333832689838678,67.39430404000086,,8192.0,tt_error_func,28.0,10.0,20.0
730,,,,HMT,8.838042797100723e-05,50.87725563500135,10.0,8192.0,tt_error_func,29.0,,
731,,,,STTA,0.000136584919182167,66.78039329600142,,8192.0,tt_error_func,29.0,10.0,20.0
732,,,,TT-SVD,3.087764515192468e-06,0.009928804000082891,8.0,4.0,tt_error_func,,,
733,,,,TT-SVD,5.558525556200069e-06,0.06318976100010332,8.0,8.0,tt_error_func,,,
734,,,,TT-SVD,1.1325218739799859e-05,0.10673918599786703,8.0,16.0,tt_error_func,,,
735,,,,TT-SVD,1.4407720391988295e-05,0.06842658999812556,8.0,32.0,tt_error_func,,,
736,,,,TT-SVD,2.2418663641632423e-05,0.11975858699952369,8.0,64.0,tt_error_func,,,
737,,,,TT-SVD,3.168403895898985e-05,0.2796904819988413,8.0,128.0,tt_error_func,,,
738,,,,TT-SVD,4.468978350154956e-05,0.49567439000020386,8.0,256.0,tt_error_func,,,
739,,,,TT-SVD,6.449000089494052e-05,1.092328083999746,8.0,512.0,tt_error_func,,,
740,,,,TT-SVD,9.051864631144734e-05,2.8804288469982566,8.0,1024.0,tt_error_func,,,
741,,,,TT-SVD,0.00012703735250468994,5.28282619699894,8.0,2048.0,tt_error_func,,,
742,,,,TT-SVD,0.0001804030584397807,13.993542913001875,8.0,4096.0,tt_error_func,,,
743,,,,TT-SVD,0.00025395960596160695,41.66372096899795,8.0,8192.0,tt_error_func,,,
744,,,,TT-SVD,9.457689332328668e-07,0.005478854000102729,9.0,4.0,tt_error_func,,,
745,,,,TT-SVD,1.2304300463792768e-06,0.015930738001770806,9.0,8.0,tt_error_func,,,
746,,,,TT-SVD,2.2509468476238712e-06,0.027353891000529984,9.0,16.0,tt_error_func,,,
747,,,,TT-SVD,2.8880595852604573e-06,0.057296761999168666,9.0,32.0,tt_error_func,,,
748,,,,TT-SVD,4.477701045847897e-06,0.14697176600020612,9.0,64.0,tt_error_func,,,
749,,,,TT-SVD,6.4252468614960026e-06,0.24265876700155786,9.0,128.0,tt_error_func,,,
750,,,,TT-SVD,8.92322810024849e-06,0.5283045470023353,9.0,256.0,tt_error_func,,,
751,,,,TT-SVD,1.2947421363939508e-05,1.026334335001593,9.0,512.0,tt_error_func,,,
752,,,,TT-SVD,1.91988237871118e-05,2.0289806879991374,9.0,1024.0,tt_error_func,,,
753,,,,TT-SVD,2.5540794163950614e-05,4.293025255999964,9.0,2048.0,tt_error_func,,,
754,,,,TT-SVD,3.612330422179458e-05,11.68351465700107,9.0,4096.0,tt_error_func,,,
755,,,,TT-SVD,5.098472734820436e-05,46.046710312999494,9.0,8192.0,tt_error_func,,,
