,Unnamed: 0,name,error,time_taken,left_rank,right_rank,run,left_sketch_type,right_sketch_type,rank
0,0.0,recursive_sketch,0.0001087945467895,0.1691725439995934,10.0,10.0,0.0,,,
1,1.0,recursive_sketch,0.0001847316914856,0.1035640879999846,10.0,10.0,1.0,,,
2,2.0,recursive_sketch,0.0001228711304447,0.1039539389994388,10.0,10.0,2.0,,,
3,3.0,recursive_sketch,0.0001718472956826,0.1330894940001599,10.0,10.0,3.0,,,
4,4.0,recursive_sketch,0.0001231463124229,0.0779549879998739,10.0,10.0,4.0,,,
5,5.0,recursive_sketch,0.0001085867851445,0.0565294869993522,10.0,10.0,5.0,,,
6,6.0,recursive_sketch,0.0001400730376817,0.1593239730000277,10.0,10.0,6.0,,,
7,7.0,recursive_sketch,0.0001689172924969,0.1546138949997839,10.0,10.0,7.0,,,
8,8.0,recursive_sketch,0.0005090011740084,0.0872102160001304,10.0,10.0,8.0,,,
9,9.0,recursive_sketch,0.0001730131515576,0.0968167649998577,10.0,10.0,9.0,,,
10,10.0,recursive_sketch,8.49316877008735e-05,0.0962975339998593,10.0,10.0,10.0,,,
11,11.0,recursive_sketch,0.0001752160949865,0.0757362740005191,10.0,10.0,11.0,,,
12,12.0,recursive_sketch,0.0001677999330633,0.1196651579994068,10.0,10.0,12.0,,,
13,13.0,recursive_sketch,0.0002503035175725,0.0981235770004786,10.0,10.0,13.0,,,
14,14.0,recursive_sketch,0.0001039177526339,0.1198678390001077,10.0,10.0,14.0,,,
15,15.0,recursive_sketch,0.0001161038136098,0.1065217729992582,10.0,10.0,15.0,,,
16,16.0,recursive_sketch,0.0001140419695014,0.0804629049998766,10.0,10.0,16.0,,,
17,17.0,recursive_sketch,0.0003112837240018,0.0667880680002781,10.0,10.0,17.0,,,
18,18.0,recursive_sketch,0.0001859647044018,0.2447398969998175,10.0,10.0,18.0,,,
19,19.0,recursive_sketch,9.732940695030776e-05,0.0991318179994777,10.0,10.0,19.0,,,
20,20.0,recursive_sketch,0.0002234626027879,0.0658744359998309,10.0,11.0,0.0,,,
21,21.0,recursive_sketch,0.0001496509557319,0.0595719140001165,10.0,11.0,1.0,,,
22,22.0,recursive_sketch,0.0001415648057704,0.0576849190001667,10.0,11.0,2.0,,,
23,23.0,recursive_sketch,6.1060108619635e-05,0.0672158080005829,10.0,11.0,3.0,,,
24,24.0,recursive_sketch,0.0001600703942787,0.1693171329998222,10.0,11.0,4.0,,,
25,25.0,recursive_sketch,0.0001644903691659,0.0824699560007502,10.0,11.0,5.0,,,
26,26.0,recursive_sketch,0.0001806343562016,0.0865403349998814,10.0,11.0,6.0,,,
27,27.0,recursive_sketch,0.0001516526226295,0.0615980170005059,10.0,11.0,7.0,,,
28,28.0,recursive_sketch,0.0001029859937255,0.1163928719997784,10.0,11.0,8.0,,,
29,29.0,recursive_sketch,0.000109356112023,0.0628638489997683,10.0,11.0,9.0,,,
30,30.0,recursive_sketch,0.0002503288387097,0.0907535530004679,10.0,11.0,10.0,,,
31,31.0,recursive_sketch,9.348958849773858e-05,0.1247874169994247,10.0,11.0,11.0,,,
32,32.0,recursive_sketch,0.0001118257466435,0.12736027200026,10.0,11.0,12.0,,,
33,33.0,recursive_sketch,0.0001260720493279,0.0981829170004857,10.0,11.0,13.0,,,
34,34.0,recursive_sketch,9.600958558817494e-05,0.0580310100003771,10.0,11.0,14.0,,,
35,35.0,recursive_sketch,0.0003027876496919,0.0971203340004649,10.0,11.0,15.0,,,
36,36.0,recursive_sketch,9.668162002399004e-05,0.0904832229998646,10.0,11.0,16.0,,,
37,37.0,recursive_sketch,0.0001831790389598,0.077173736000077,10.0,11.0,17.0,,,
38,38.0,recursive_sketch,0.0001449836279913,0.1386478140002509,10.0,11.0,18.0,,,
39,39.0,recursive_sketch,0.0002500879607339,0.0767313960004685,10.0,11.0,19.0,,,
40,40.0,recursive_sketch,0.0001884039316218,0.0887706689991318,10.0,12.0,0.0,,,
41,41.0,recursive_sketch,0.0002328132976814,0.064225652999994,10.0,12.0,1.0,,,
42,42.0,recursive_sketch,0.0001708733325914,0.0800090930006263,10.0,12.0,2.0,,,
43,43.0,recursive_sketch,0.0001976934493007,0.0574199100001351,10.0,12.0,3.0,,,
44,44.0,recursive_sketch,0.0001600438606931,0.0740893619995404,10.0,12.0,4.0,,,
45,45.0,recursive_sketch,0.0001850265440353,0.0802039829995919,10.0,12.0,5.0,,,
46,46.0,recursive_sketch,0.0001490510350529,0.0937807790005536,10.0,12.0,6.0,,,
47,47.0,recursive_sketch,0.0004211661750759,0.0727770090006743,10.0,12.0,7.0,,,
48,48.0,recursive_sketch,0.0001239328803965,0.0751885729996502,10.0,12.0,8.0,,,
49,49.0,recursive_sketch,0.0001348732710746,0.1020767150002939,10.0,12.0,9.0,,,
50,50.0,recursive_sketch,0.000131753919358,0.0736384100000577,10.0,12.0,10.0,,,
51,51.0,recursive_sketch,0.0001050696430785,0.0827170379998278,10.0,12.0,11.0,,,
52,52.0,recursive_sketch,0.0001263534125251,0.0821976569995968,10.0,12.0,12.0,,,
53,53.0,recursive_sketch,0.0001098192447444,0.0694745420005347,10.0,12.0,13.0,,,
54,54.0,recursive_sketch,0.0001460803012418,0.1164724210002532,10.0,12.0,14.0,,,
55,55.0,recursive_sketch,0.0002599759838846,0.0564229270003124,10.0,12.0,15.0,,,
56,56.0,recursive_sketch,8.732815465434745e-05,0.0736666799994054,10.0,12.0,16.0,,,
57,57.0,recursive_sketch,0.0001134120819306,0.0565692869995473,10.0,12.0,17.0,,,
58,58.0,recursive_sketch,0.0001881099063959,0.0847078400001919,10.0,12.0,18.0,,,
59,59.0,recursive_sketch,0.0001133715512792,0.0720285970000986,10.0,12.0,19.0,,,
60,60.0,recursive_sketch,0.0001153324938661,0.0790229399999589,10.0,13.0,0.0,,,
61,61.0,recursive_sketch,0.0001405265948718,0.0659038550002151,10.0,13.0,1.0,,,
62,62.0,recursive_sketch,0.0001970614410576,0.0973272150004049,10.0,13.0,2.0,,,
63,63.0,recursive_sketch,0.0001455392031309,0.0578368399992541,10.0,13.0,3.0,,,
64,64.0,recursive_sketch,0.0001165969915723,0.0725097889999233,10.0,13.0,4.0,,,
65,65.0,recursive_sketch,0.000150838247978,0.0619925279997914,10.0,13.0,5.0,,,
66,66.0,recursive_sketch,0.0001319500769271,0.0736862490002749,10.0,13.0,6.0,,,
67,67.0,recursive_sketch,0.0001145604711959,0.0570212880002145,10.0,13.0,7.0,,,
68,68.0,recursive_sketch,0.0001170833716889,0.05967196399979,10.0,13.0,8.0,,,
69,69.0,recursive_sketch,0.0001046160085279,0.0533371910005371,10.0,13.0,9.0,,,
70,70.0,recursive_sketch,0.0001617990655599,0.0622014379996471,10.0,13.0,10.0,,,
71,71.0,recursive_sketch,7.953753593440071e-05,0.0441750640002283,10.0,13.0,11.0,,,
72,72.0,recursive_sketch,0.0001506216875736,0.0628150789998471,10.0,13.0,12.0,,,
73,73.0,recursive_sketch,0.0001946774218278,0.0365162500002043,10.0,13.0,13.0,,,
74,74.0,recursive_sketch,0.0001472645511102,0.062440589000289,10.0,13.0,14.0,,,
75,75.0,recursive_sketch,0.000140491753777,0.0391538449994186,10.0,13.0,15.0,,,
76,76.0,recursive_sketch,0.0002066717813249,0.0772788079993915,10.0,13.0,16.0,,,
77,77.0,recursive_sketch,0.0002586002607414,0.0812298749997353,10.0,13.0,17.0,,,
78,78.0,recursive_sketch,9.326081943541228e-05,0.0918537360003028,10.0,13.0,18.0,,,
79,79.0,recursive_sketch,0.0001892863416594,0.0659467949999452,10.0,13.0,19.0,,,
80,80.0,recursive_sketch,0.0001367179345754,0.1229006940002364,10.0,14.0,0.0,,,
81,81.0,recursive_sketch,0.0001360716486434,0.0594246539994856,10.0,14.0,1.0,,,
82,82.0,recursive_sketch,0.0001396322116492,0.0724624189997484,10.0,14.0,2.0,,,
83,83.0,recursive_sketch,0.0001513399945904,0.059537342999647,10.0,14.0,3.0,,,
84,84.0,recursive_sketch,0.000119181889426,0.0618777579993548,10.0,14.0,4.0,,,
85,85.0,recursive_sketch,5.8944060630726734e-05,0.0702443840000341,10.0,14.0,5.0,,,
86,86.0,recursive_sketch,9.281556000455988e-05,0.0635894810002355,10.0,14.0,6.0,,,
87,87.0,recursive_sketch,0.0001043870559421,0.0618226789993059,10.0,14.0,7.0,,,
88,88.0,recursive_sketch,0.0002845405176891,0.1206139299993083,10.0,14.0,8.0,,,
89,89.0,recursive_sketch,0.0001698121372835,0.0850617219994092,10.0,14.0,9.0,,,
90,90.0,recursive_sketch,0.0001037195332501,0.0676650490004249,10.0,14.0,10.0,,,
91,91.0,recursive_sketch,7.400073381733786e-05,0.034223684000608,10.0,14.0,11.0,,,
92,92.0,recursive_sketch,9.742868810137634e-05,0.06022076499994,10.0,14.0,12.0,,,
93,93.0,recursive_sketch,0.0001289193021543,0.0537515429996346,10.0,14.0,13.0,,,
94,94.0,recursive_sketch,6.881175641172845e-05,0.0729440199993405,10.0,14.0,14.0,,,
95,95.0,recursive_sketch,0.0001525381028562,0.0420094200007952,10.0,14.0,15.0,,,
96,96.0,recursive_sketch,6.870534062830791e-05,0.0931199160004325,10.0,14.0,16.0,,,
97,97.0,recursive_sketch,0.000121974657217,0.0483515820005777,10.0,14.0,17.0,,,
98,98.0,recursive_sketch,8.587133117803875e-05,0.0583984409995537,10.0,14.0,18.0,,,
99,99.0,recursive_sketch,0.0001427419540192,0.0323626810004498,10.0,14.0,19.0,,,
100,100.0,recursive_sketch,0.0001121330678909,0.0370967799999562,10.0,15.0,0.0,,,
101,101.0,recursive_sketch,7.914236287284757e-05,0.0532263519999105,10.0,15.0,1.0,,,
102,102.0,recursive_sketch,9.16000254578512e-05,0.036515220000183,10.0,15.0,2.0,,,
103,103.0,recursive_sketch,9.561987678563874e-05,0.037865182999667,10.0,15.0,3.0,,,
104,104.0,recursive_sketch,6.711255043166715e-05,0.0493030349998662,10.0,15.0,4.0,,,
105,105.0,recursive_sketch,6.165745872538288e-05,0.0320077710002806,10.0,15.0,5.0,,,
106,106.0,recursive_sketch,0.0001653574556746,0.0370088800000303,10.0,15.0,6.0,,,
107,107.0,recursive_sketch,7.346577809992896e-05,0.0821671760004392,10.0,15.0,7.0,,,
108,108.0,recursive_sketch,0.0001285269103341,0.0333758939996187,10.0,15.0,8.0,,,
109,109.0,recursive_sketch,0.0001089057631049,0.0568474699994112,10.0,15.0,9.0,,,
110,110.0,recursive_sketch,0.0001514218270992,0.0335223029996996,10.0,15.0,10.0,,,
111,111.0,recursive_sketch,9.018320311660038e-05,0.0506634969997321,10.0,15.0,11.0,,,
112,112.0,recursive_sketch,8.516739644214857e-05,0.0395786859999134,10.0,15.0,12.0,,,
113,113.0,recursive_sketch,6.540487918876868e-05,0.0350810270001602,10.0,15.0,13.0,,,
114,114.0,recursive_sketch,5.724656209659919e-05,0.034393285999613,10.0,15.0,14.0,,,
115,115.0,recursive_sketch,8.062923643058704e-05,0.0405507790001138,10.0,15.0,15.0,,,
116,116.0,recursive_sketch,0.0001031483030769,0.0360138289997848,10.0,15.0,16.0,,,
117,117.0,recursive_sketch,0.0001712557638671,0.062489289000041,10.0,15.0,17.0,,,
118,118.0,recursive_sketch,0.0001648876940606,0.0810357140007909,10.0,15.0,18.0,,,
119,119.0,recursive_sketch,0.0001091137517496,0.0636698910002451,10.0,15.0,19.0,,,
120,120.0,recursive_sketch,6.692853338555357e-05,0.0505934170005275,10.0,16.0,0.0,,,
121,121.0,recursive_sketch,7.05860481399024e-05,0.0739581010002439,10.0,16.0,1.0,,,
122,122.0,recursive_sketch,0.00010631287833,0.0601977440001064,10.0,16.0,2.0,,,
123,123.0,recursive_sketch,6.08964115520723e-05,0.0711911649996182,10.0,16.0,3.0,,,
124,124.0,recursive_sketch,6.178779892110397e-05,0.065693005999492,10.0,16.0,4.0,,,
125,125.0,recursive_sketch,0.0001260202963857,0.0741010210003878,10.0,16.0,5.0,,,
126,126.0,recursive_sketch,7.755484826260218e-05,0.0427103009997154,10.0,16.0,6.0,,,
127,127.0,recursive_sketch,0.0001534481785975,0.0648555420002594,10.0,16.0,7.0,,,
128,128.0,recursive_sketch,9.71977486932814e-05,0.064456663000783,10.0,16.0,8.0,,,
129,129.0,recursive_sketch,0.0001264333344244,0.0778940079999301,10.0,16.0,9.0,,,
130,130.0,recursive_sketch,0.0001395360120284,0.0654726539996772,10.0,16.0,10.0,,,
131,131.0,recursive_sketch,7.24868100072978e-05,0.0889172789993608,10.0,16.0,11.0,,,
132,132.0,recursive_sketch,0.0001915592646005,0.0658843950004666,10.0,16.0,12.0,,,
133,133.0,recursive_sketch,9.73193912475198e-05,0.0554668269996909,10.0,16.0,13.0,,,
134,134.0,recursive_sketch,0.0001134243354267,0.0436114529993574,10.0,16.0,14.0,,,
135,135.0,recursive_sketch,6.508641418630063e-05,0.0583523309996962,10.0,16.0,15.0,,,
136,136.0,recursive_sketch,0.0001313279754216,0.0400099559992668,10.0,16.0,16.0,,,
137,137.0,recursive_sketch,8.510736035165868e-05,0.0571896179999384,10.0,16.0,17.0,,,
138,138.0,recursive_sketch,0.0001003858520501,0.0371989510003913,10.0,16.0,18.0,,,
139,139.0,recursive_sketch,9.296806775058156e-05,0.0755978340002911,10.0,16.0,19.0,,,
140,140.0,recursive_sketch,0.0001160783134576,0.066714956999931,10.0,17.0,0.0,,,
141,141.0,recursive_sketch,6.046066249969104e-05,0.0659269360003236,10.0,17.0,1.0,,,
142,142.0,recursive_sketch,6.4874956642453e-05,0.0697399930004394,10.0,17.0,2.0,,,
143,143.0,recursive_sketch,7.306264380294664e-05,0.077141656999629,10.0,17.0,3.0,,,
144,144.0,recursive_sketch,8.045339445755779e-05,0.0711218050000752,10.0,17.0,4.0,,,
145,145.0,recursive_sketch,0.0001165880630629,0.1006966619997911,10.0,17.0,5.0,,,
146,146.0,recursive_sketch,8.096408253283718e-05,0.0592069329995865,10.0,17.0,6.0,,,
147,147.0,recursive_sketch,0.0001000432802569,0.0609561669998584,10.0,17.0,7.0,,,
148,148.0,recursive_sketch,6.87566733943837e-05,0.0646320340001693,10.0,17.0,8.0,,,
149,149.0,recursive_sketch,7.574532242392081e-05,0.0754846240006372,10.0,17.0,9.0,,,
150,150.0,recursive_sketch,0.0001268053894821,0.0660598259992184,10.0,17.0,10.0,,,
151,151.0,recursive_sketch,4.4700375989831936e-05,0.0507282169992322,10.0,17.0,11.0,,,
152,152.0,recursive_sketch,5.376643087056175e-05,0.0537436320000779,10.0,17.0,12.0,,,
153,153.0,recursive_sketch,8.795729339986194e-05,0.0718989380002312,10.0,17.0,13.0,,,
154,154.0,recursive_sketch,0.0001103724409115,0.0644948119997934,10.0,17.0,14.0,,,
155,155.0,recursive_sketch,7.381120119934648e-05,0.0675369180007692,10.0,17.0,15.0,,,
156,156.0,recursive_sketch,0.0001001574797882,0.0615238970003702,10.0,17.0,16.0,,,
157,157.0,recursive_sketch,0.0001017243086556,0.0703414230001726,10.0,17.0,17.0,,,
158,158.0,recursive_sketch,0.0002212919097972,0.0975846250003087,10.0,17.0,18.0,,,
159,159.0,recursive_sketch,8.337421411866749e-05,0.0693490519997794,10.0,17.0,19.0,,,
160,160.0,recursive_sketch,0.0001196245489753,0.1096031590004713,10.0,18.0,0.0,,,
161,161.0,recursive_sketch,6.289283402137051e-05,0.1421531810001397,10.0,18.0,1.0,,,
162,162.0,recursive_sketch,7.33898368369774e-05,0.0394340749999173,10.0,18.0,2.0,,,
163,163.0,recursive_sketch,0.0001191190084074,0.0579447999998592,10.0,18.0,3.0,,,
164,164.0,recursive_sketch,0.0001140462062224,0.0752272230001835,10.0,18.0,4.0,,,
165,165.0,recursive_sketch,0.0001012645657393,0.0716778460000568,10.0,18.0,5.0,,,
166,166.0,recursive_sketch,7.840172669858517e-05,0.0684594099993773,10.0,18.0,6.0,,,
167,167.0,recursive_sketch,6.064512382992883e-05,0.0815735360001781,10.0,18.0,7.0,,,
168,168.0,recursive_sketch,0.0001023027316847,0.0703817439998601,10.0,18.0,8.0,,,
169,169.0,recursive_sketch,7.182688817664134e-05,0.0930156780004836,10.0,18.0,9.0,,,
170,170.0,recursive_sketch,7.306667258809021e-05,0.0771102769995195,10.0,18.0,10.0,,,
171,171.0,recursive_sketch,0.0001014718523983,0.0762209350004923,10.0,18.0,11.0,,,
172,172.0,recursive_sketch,0.0001052184591575,0.0448478959997373,10.0,18.0,12.0,,,
173,173.0,recursive_sketch,9.654095228475328e-05,0.0741007799997532,10.0,18.0,13.0,,,
174,174.0,recursive_sketch,0.0001043934808459,0.0719055769995975,10.0,18.0,14.0,,,
175,175.0,recursive_sketch,0.0001195345144187,0.0812957850002931,10.0,18.0,15.0,,,
176,176.0,recursive_sketch,8.840967890619474e-05,0.0663687750002282,10.0,18.0,16.0,,,
177,177.0,recursive_sketch,4.8052980608483466e-05,0.0624327979994632,10.0,18.0,17.0,,,
178,178.0,recursive_sketch,8.723033555800544e-05,0.0516318680001859,10.0,18.0,18.0,,,
179,179.0,recursive_sketch,0.0001371429871603,0.0591596939993905,10.0,18.0,19.0,,,
180,180.0,recursive_sketch,8.149460221534419e-05,0.0415308389992787,10.0,19.0,0.0,,,
181,181.0,recursive_sketch,7.94686765368466e-05,0.0623810979996051,10.0,19.0,1.0,,,
182,182.0,recursive_sketch,6.391448164869221e-05,0.0430093020004278,10.0,19.0,2.0,,,
183,183.0,recursive_sketch,6.379244352352632e-05,0.1169106730003477,10.0,19.0,3.0,,,
184,184.0,recursive_sketch,0.0001387716576341,0.0594658130003153,10.0,19.0,4.0,,,
185,185.0,recursive_sketch,8.961421989705132e-05,0.0643138819996238,10.0,19.0,5.0,,,
186,186.0,recursive_sketch,7.214571509024855e-05,0.0474690800001553,10.0,19.0,6.0,,,
187,187.0,recursive_sketch,6.46136665076188e-05,0.06545132500014,10.0,19.0,7.0,,,
188,188.0,recursive_sketch,6.822977709465734e-05,0.0541168230001858,10.0,19.0,8.0,,,
189,189.0,recursive_sketch,9.987887112355942e-05,0.0543159640001249,10.0,19.0,9.0,,,
190,190.0,recursive_sketch,0.0001095629298612,0.038359362999472,10.0,19.0,10.0,,,
191,191.0,recursive_sketch,7.79055438020112e-05,0.0822656370000913,10.0,19.0,11.0,,,
192,192.0,recursive_sketch,8.922314180667186e-05,0.0599929639993206,10.0,19.0,12.0,,,
193,193.0,recursive_sketch,7.87489175863319e-05,0.0646237840001049,10.0,19.0,13.0,,,
194,194.0,recursive_sketch,0.0001474382472542,0.0439107440006409,10.0,19.0,14.0,,,
195,195.0,recursive_sketch,8.440449943717777e-05,0.0625729900002625,10.0,19.0,15.0,,,
196,196.0,recursive_sketch,7.216794989521236e-05,0.0739835710000988,10.0,19.0,16.0,,,
197,197.0,recursive_sketch,9.312367728387346e-05,0.0732113280000703,10.0,19.0,17.0,,,
198,198.0,recursive_sketch,9.083185954161144e-05,0.0779045190001852,10.0,19.0,18.0,,,
199,199.0,recursive_sketch,9.66343051301721e-05,0.1430903430000398,10.0,19.0,19.0,,,
200,200.0,sketched_dense,0.004314547444196,0.0201452580004115,10.0,10.0,0.0,TensorTrainDRM,TensorTrainDRM,
201,201.0,sketched_dense,0.4450681035495684,0.0284634820000064,10.0,10.0,1.0,TensorTrainDRM,TensorTrainDRM,
202,202.0,sketched_dense,0.0040812397615833,0.038739629999327,10.0,10.0,2.0,TensorTrainDRM,TensorTrainDRM,
203,203.0,sketched_dense,0.0019725778571192,0.0844557749996965,10.0,10.0,3.0,TensorTrainDRM,TensorTrainDRM,
204,204.0,sketched_dense,0.0072168375915755,0.0430967700003748,10.0,10.0,4.0,TensorTrainDRM,TensorTrainDRM,
205,205.0,sketched_dense,0.0036425217786261,0.0440025300003981,10.0,10.0,5.0,TensorTrainDRM,TensorTrainDRM,
206,206.0,sketched_dense,0.6941198758453138,0.0369531980004467,10.0,10.0,6.0,TensorTrainDRM,TensorTrainDRM,
207,207.0,sketched_dense,0.0509995403938435,0.0298639239999829,10.0,10.0,7.0,TensorTrainDRM,TensorTrainDRM,
208,208.0,sketched_dense,0.0506464271733408,0.0456458440003189,10.0,10.0,8.0,TensorTrainDRM,TensorTrainDRM,
209,209.0,sketched_dense,0.0011218977147052,0.055333991000225,10.0,10.0,9.0,TensorTrainDRM,TensorTrainDRM,
210,210.0,sketched_dense,0.1294426401037706,0.0260012669996285,10.0,10.0,10.0,TensorTrainDRM,TensorTrainDRM,
211,211.0,sketched_dense,0.0208440888176335,0.0480722180000157,10.0,10.0,11.0,TensorTrainDRM,TensorTrainDRM,
212,212.0,sketched_dense,0.0063941257577715,0.0583971679998285,10.0,10.0,12.0,TensorTrainDRM,TensorTrainDRM,
213,213.0,sketched_dense,0.0653781235870978,0.0287888029997702,10.0,10.0,13.0,TensorTrainDRM,TensorTrainDRM,
214,214.0,sketched_dense,0.0153844233818876,0.0314423879999594,10.0,10.0,14.0,TensorTrainDRM,TensorTrainDRM,
215,215.0,sketched_dense,0.1112163117477316,0.0338948520002304,10.0,10.0,15.0,TensorTrainDRM,TensorTrainDRM,
216,216.0,sketched_dense,30371.527081472894,0.027182380999875,10.0,10.0,16.0,TensorTrainDRM,TensorTrainDRM,
217,217.0,sketched_dense,0.002152257362364,0.0889372540004842,10.0,10.0,17.0,TensorTrainDRM,TensorTrainDRM,
218,218.0,sketched_dense,0.0103498082342385,0.0947618839991264,10.0,10.0,18.0,TensorTrainDRM,TensorTrainDRM,
219,219.0,sketched_dense,0.0285118783819057,0.0901884249997237,10.0,10.0,19.0,TensorTrainDRM,TensorTrainDRM,
220,220.0,sketched_dense,0.0105074649590459,0.0867367079999894,10.0,11.0,0.0,TensorTrainDRM,TensorTrainDRM,
221,221.0,sketched_dense,0.0048426877399059,0.0769121419998555,10.0,11.0,1.0,TensorTrainDRM,TensorTrainDRM,
222,222.0,sketched_dense,0.0084063813693115,0.063143674999992,10.0,11.0,2.0,TensorTrainDRM,TensorTrainDRM,
223,223.0,sketched_dense,0.0041082633646268,0.0658748819996617,10.0,11.0,3.0,TensorTrainDRM,TensorTrainDRM,
224,224.0,sketched_dense,0.0068040347089726,0.0796900870000172,10.0,11.0,4.0,TensorTrainDRM,TensorTrainDRM,
225,225.0,sketched_dense,0.0017497251027984,0.0544296199996097,10.0,11.0,5.0,TensorTrainDRM,TensorTrainDRM,
226,226.0,sketched_dense,0.038545596178934,0.0556721320008364,10.0,11.0,6.0,TensorTrainDRM,TensorTrainDRM,
227,227.0,sketched_dense,0.0014191486715206,0.0559848140001122,10.0,11.0,7.0,TensorTrainDRM,TensorTrainDRM,
228,228.0,sketched_dense,0.0041333885244586,0.0561362529997495,10.0,11.0,8.0,TensorTrainDRM,TensorTrainDRM,
229,229.0,sketched_dense,0.0048495352916746,0.0644674079994729,10.0,11.0,9.0,TensorTrainDRM,TensorTrainDRM,
230,230.0,sketched_dense,0.0020924536733421,0.0682465549998596,10.0,11.0,10.0,TensorTrainDRM,TensorTrainDRM,
231,231.0,sketched_dense,0.0010608421099817,0.0541669699996418,10.0,11.0,11.0,TensorTrainDRM,TensorTrainDRM,
232,232.0,sketched_dense,0.0053426788804613,0.0420721169994067,10.0,11.0,12.0,TensorTrainDRM,TensorTrainDRM,
233,233.0,sketched_dense,0.0048608671502736,0.0504369519994725,10.0,11.0,13.0,TensorTrainDRM,TensorTrainDRM,
234,234.0,sketched_dense,0.0090777350541514,0.0273686400005317,10.0,11.0,14.0,TensorTrainDRM,TensorTrainDRM,
235,235.0,sketched_dense,0.009612867432559,0.0458102340007826,10.0,11.0,15.0,TensorTrainDRM,TensorTrainDRM,
236,236.0,sketched_dense,0.0016573538668669,0.0686302370004341,10.0,11.0,16.0,TensorTrainDRM,TensorTrainDRM,
237,237.0,sketched_dense,0.002209838555801,0.0369579070002146,10.0,11.0,17.0,TensorTrainDRM,TensorTrainDRM,
238,238.0,sketched_dense,0.0374917321314737,0.0789264360000743,10.0,11.0,18.0,TensorTrainDRM,TensorTrainDRM,
239,239.0,sketched_dense,0.0182437599198847,0.0538763699996707,10.0,11.0,19.0,TensorTrainDRM,TensorTrainDRM,
240,240.0,sketched_dense,0.0008676787956547,0.064311467999687,10.0,12.0,0.0,TensorTrainDRM,TensorTrainDRM,
241,241.0,sketched_dense,0.0015865048886994,0.0615247830000953,10.0,12.0,1.0,TensorTrainDRM,TensorTrainDRM,
242,242.0,sketched_dense,0.0118501280625931,0.0569587049994879,10.0,12.0,2.0,TensorTrainDRM,TensorTrainDRM,
243,243.0,sketched_dense,0.000726563315056,0.0360515459997259,10.0,12.0,3.0,TensorTrainDRM,TensorTrainDRM,
244,244.0,sketched_dense,0.0007021593096917,0.0664871819999461,10.0,12.0,4.0,TensorTrainDRM,TensorTrainDRM,
245,245.0,sketched_dense,0.0211428489084029,0.0656555810001009,10.0,12.0,5.0,TensorTrainDRM,TensorTrainDRM,
246,246.0,sketched_dense,0.0082036750400362,0.0802555380005287,10.0,12.0,6.0,TensorTrainDRM,TensorTrainDRM,
247,247.0,sketched_dense,0.0023815148834116,0.0527149770005053,10.0,12.0,7.0,TensorTrainDRM,TensorTrainDRM,
248,248.0,sketched_dense,0.0023813660014493,0.0505393319999711,10.0,12.0,8.0,TensorTrainDRM,TensorTrainDRM,
249,249.0,sketched_dense,0.0010426921032171,0.0548243109997201,10.0,12.0,9.0,TensorTrainDRM,TensorTrainDRM,
250,250.0,sketched_dense,0.0078714756762551,0.0463102460007576,10.0,12.0,10.0,TensorTrainDRM,TensorTrainDRM,
251,251.0,sketched_dense,0.0029652407472862,0.0544871689999126,10.0,12.0,11.0,TensorTrainDRM,TensorTrainDRM,
252,252.0,sketched_dense,0.0005001890442354,0.0631353560002025,10.0,12.0,12.0,TensorTrainDRM,TensorTrainDRM,
253,253.0,sketched_dense,0.0009550154876481,0.0828500029992937,10.0,12.0,13.0,TensorTrainDRM,TensorTrainDRM,
254,254.0,sketched_dense,0.002879966278489,0.0316532870001537,10.0,12.0,14.0,TensorTrainDRM,TensorTrainDRM,
255,255.0,sketched_dense,0.0043864325826256,0.0315064690003055,10.0,12.0,15.0,TensorTrainDRM,TensorTrainDRM,
256,256.0,sketched_dense,0.0046605067826472,0.0369111769996379,10.0,12.0,16.0,TensorTrainDRM,TensorTrainDRM,
257,257.0,sketched_dense,0.0015815951841951,0.0327255399997739,10.0,12.0,17.0,TensorTrainDRM,TensorTrainDRM,
258,258.0,sketched_dense,0.0153988086126234,0.0323730800000703,10.0,12.0,18.0,TensorTrainDRM,TensorTrainDRM,
259,259.0,sketched_dense,0.0060375846413735,0.0337687320006807,10.0,12.0,19.0,TensorTrainDRM,TensorTrainDRM,
260,260.0,sketched_dense,0.0014360587096945,0.0317368989999522,10.0,13.0,0.0,TensorTrainDRM,TensorTrainDRM,
261,261.0,sketched_dense,0.0010039184281107,0.0342822630000227,10.0,13.0,1.0,TensorTrainDRM,TensorTrainDRM,
262,262.0,sketched_dense,0.0014951563857097,0.038480330999846,10.0,13.0,2.0,TensorTrainDRM,TensorTrainDRM,
263,263.0,sketched_dense,0.0018987124315249,0.0462813949998235,10.0,13.0,3.0,TensorTrainDRM,TensorTrainDRM,
264,264.0,sketched_dense,0.0034857919511339,0.0305634859996644,10.0,13.0,4.0,TensorTrainDRM,TensorTrainDRM,
265,265.0,sketched_dense,0.0011661370463943,0.0327019599999403,10.0,13.0,5.0,TensorTrainDRM,TensorTrainDRM,
266,266.0,sketched_dense,0.0015516245533076,0.0381135899997389,10.0,13.0,6.0,TensorTrainDRM,TensorTrainDRM,
267,267.0,sketched_dense,0.0023325811809856,0.0313480069999059,10.0,13.0,7.0,TensorTrainDRM,TensorTrainDRM,
268,268.0,sketched_dense,0.0011236989191917,0.0375830100001621,10.0,13.0,8.0,TensorTrainDRM,TensorTrainDRM,
269,269.0,sketched_dense,0.0092680083805934,0.063175014999615,10.0,13.0,9.0,TensorTrainDRM,TensorTrainDRM,
270,270.0,sketched_dense,0.0004715723040176,0.0269447390001005,10.0,13.0,10.0,TensorTrainDRM,TensorTrainDRM,
271,271.0,sketched_dense,0.0022999037508955,0.0312330060005479,10.0,13.0,11.0,TensorTrainDRM,TensorTrainDRM,
272,272.0,sketched_dense,0.0013110929109439,0.034355544000391,10.0,13.0,12.0,TensorTrainDRM,TensorTrainDRM,
273,273.0,sketched_dense,0.0057058180196101,0.0327487799995651,10.0,13.0,13.0,TensorTrainDRM,TensorTrainDRM,
274,274.0,sketched_dense,0.0033845810776798,0.0298962049992042,10.0,13.0,14.0,TensorTrainDRM,TensorTrainDRM,
275,275.0,sketched_dense,0.0029300463337247,0.0320762589999503,10.0,13.0,15.0,TensorTrainDRM,TensorTrainDRM,
276,276.0,sketched_dense,0.0012318695170135,0.0296828439995806,10.0,13.0,16.0,TensorTrainDRM,TensorTrainDRM,
277,277.0,sketched_dense,0.0011257870995848,0.0307021480002731,10.0,13.0,17.0,TensorTrainDRM,TensorTrainDRM,
278,278.0,sketched_dense,0.0007835925598204,0.0776187319997916,10.0,13.0,18.0,TensorTrainDRM,TensorTrainDRM,
279,279.0,sketched_dense,0.0011819812443756,0.0391738310008804,10.0,13.0,19.0,TensorTrainDRM,TensorTrainDRM,
280,280.0,sketched_dense,0.0005313251305438,0.0292931650001264,10.0,14.0,0.0,TensorTrainDRM,TensorTrainDRM,
281,281.0,sketched_dense,0.0013447961960103,0.0977294390004317,10.0,14.0,1.0,TensorTrainDRM,TensorTrainDRM,
282,282.0,sketched_dense,0.0096255892735549,0.0276165610002863,10.0,14.0,2.0,TensorTrainDRM,TensorTrainDRM,
283,283.0,sketched_dense,0.0027271162785572,0.0278322510002908,10.0,14.0,3.0,TensorTrainDRM,TensorTrainDRM,
284,284.0,sketched_dense,0.0012251565413383,0.0565022339997085,10.0,14.0,4.0,TensorTrainDRM,TensorTrainDRM,
285,285.0,sketched_dense,0.0013126648451607,0.0616802430004099,10.0,14.0,5.0,TensorTrainDRM,TensorTrainDRM,
286,286.0,sketched_dense,0.0125944083668074,0.0450679129999116,10.0,14.0,6.0,TensorTrainDRM,TensorTrainDRM,
287,287.0,sketched_dense,0.0007375718308995,0.0305321059995549,10.0,14.0,7.0,TensorTrainDRM,TensorTrainDRM,
288,288.0,sketched_dense,0.0012682351042424,0.0522825160005595,10.0,14.0,8.0,TensorTrainDRM,TensorTrainDRM,
289,289.0,sketched_dense,0.0008041493699324,0.0368916779998471,10.0,14.0,9.0,TensorTrainDRM,TensorTrainDRM,
290,290.0,sketched_dense,0.0010909557620039,0.0325408600001537,10.0,14.0,10.0,TensorTrainDRM,TensorTrainDRM,
291,291.0,sketched_dense,0.0009577457908932,0.0356187349998435,10.0,14.0,11.0,TensorTrainDRM,TensorTrainDRM,
292,292.0,sketched_dense,0.0002770448780688,0.0355880160004744,10.0,14.0,12.0,TensorTrainDRM,TensorTrainDRM,
293,293.0,sketched_dense,0.0018491538110653,0.0315442179999081,10.0,14.0,13.0,TensorTrainDRM,TensorTrainDRM,
294,294.0,sketched_dense,0.0013502582579524,0.0307376070004465,10.0,14.0,14.0,TensorTrainDRM,TensorTrainDRM,
295,295.0,sketched_dense,0.0007421312577719,0.0567472639995685,10.0,14.0,15.0,TensorTrainDRM,TensorTrainDRM,
296,296.0,sketched_dense,0.0010453188029345,0.0320505999998204,10.0,14.0,16.0,TensorTrainDRM,TensorTrainDRM,
297,297.0,sketched_dense,0.0017125422171327,0.0369679180003004,10.0,14.0,17.0,TensorTrainDRM,TensorTrainDRM,
298,298.0,sketched_dense,0.0014911739854929,0.0541498400007185,10.0,14.0,18.0,TensorTrainDRM,TensorTrainDRM,
299,299.0,sketched_dense,0.0008449589564936,0.0401904640002612,10.0,14.0,19.0,TensorTrainDRM,TensorTrainDRM,
300,300.0,sketched_dense,0.0004286384666627,0.0403396150004482,10.0,15.0,0.0,TensorTrainDRM,TensorTrainDRM,
301,301.0,sketched_dense,0.0011720932748568,0.0537735890002295,10.0,15.0,1.0,TensorTrainDRM,TensorTrainDRM,
302,302.0,sketched_dense,0.0003049053391081,0.0326322290002281,10.0,15.0,2.0,TensorTrainDRM,TensorTrainDRM,
303,303.0,sketched_dense,0.0011079873499053,0.0308701280000605,10.0,15.0,3.0,TensorTrainDRM,TensorTrainDRM,
304,304.0,sketched_dense,0.0006173034936358,0.0349775550002959,10.0,15.0,4.0,TensorTrainDRM,TensorTrainDRM,
305,305.0,sketched_dense,0.001348893889544,0.0349012229999061,10.0,15.0,5.0,TensorTrainDRM,TensorTrainDRM,
306,306.0,sketched_dense,0.0003409499264212,0.0364023160000215,10.0,15.0,6.0,TensorTrainDRM,TensorTrainDRM,
307,307.0,sketched_dense,0.00105582261779,0.0373634990000937,10.0,15.0,7.0,TensorTrainDRM,TensorTrainDRM,
308,308.0,sketched_dense,0.0008787543326909,0.0353668859997924,10.0,15.0,8.0,TensorTrainDRM,TensorTrainDRM,
309,309.0,sketched_dense,0.0018773111856604,0.0380591490002188,10.0,15.0,9.0,TensorTrainDRM,TensorTrainDRM,
310,310.0,sketched_dense,0.0013067346020562,0.0418885569997655,10.0,15.0,10.0,TensorTrainDRM,TensorTrainDRM,
311,311.0,sketched_dense,0.0007563070175606,0.0406502039995757,10.0,15.0,11.0,TensorTrainDRM,TensorTrainDRM,
312,312.0,sketched_dense,0.0004035620124144,0.0464950959994894,10.0,15.0,12.0,TensorTrainDRM,TensorTrainDRM,
313,313.0,sketched_dense,0.000410743283869,0.0523944970000229,10.0,15.0,13.0,TensorTrainDRM,TensorTrainDRM,
314,314.0,sketched_dense,0.0006083694667756,0.049229030000788,10.0,15.0,14.0,TensorTrainDRM,TensorTrainDRM,
315,315.0,sketched_dense,0.0003704196765837,0.0394302929998957,10.0,15.0,15.0,TensorTrainDRM,TensorTrainDRM,
316,316.0,sketched_dense,0.0012636040796419,0.0526106759998583,10.0,15.0,16.0,TensorTrainDRM,TensorTrainDRM,
317,317.0,sketched_dense,0.0014970103605617,0.0388467820002915,10.0,15.0,17.0,TensorTrainDRM,TensorTrainDRM,
318,318.0,sketched_dense,0.0004001740963115,0.0510513129993341,10.0,15.0,18.0,TensorTrainDRM,TensorTrainDRM,
319,319.0,sketched_dense,0.0009516332873242,0.0354638459994021,10.0,15.0,19.0,TensorTrainDRM,TensorTrainDRM,
320,320.0,sketched_dense,0.0010612949999277,0.0495866020000903,10.0,16.0,0.0,TensorTrainDRM,TensorTrainDRM,
321,321.0,sketched_dense,0.0004478518339728,0.0364508080001542,10.0,16.0,1.0,TensorTrainDRM,TensorTrainDRM,
322,322.0,sketched_dense,0.0009482048561215,0.0447788020001098,10.0,16.0,2.0,TensorTrainDRM,TensorTrainDRM,
323,323.0,sketched_dense,0.0008399479427747,0.0328878110003643,10.0,16.0,3.0,TensorTrainDRM,TensorTrainDRM,
324,324.0,sketched_dense,0.0006290730820626,0.0545674289996895,10.0,16.0,4.0,TensorTrainDRM,TensorTrainDRM,
325,325.0,sketched_dense,0.0007361337609594,0.0446520710002005,10.0,16.0,5.0,TensorTrainDRM,TensorTrainDRM,
326,326.0,sketched_dense,0.0009823184448508,0.0516182860001208,10.0,16.0,6.0,TensorTrainDRM,TensorTrainDRM,
327,327.0,sketched_dense,0.000185869988615,0.0623830540007475,10.0,16.0,7.0,TensorTrainDRM,TensorTrainDRM,
328,328.0,sketched_dense,0.0032520280669306,0.0539455090001865,10.0,16.0,8.0,TensorTrainDRM,TensorTrainDRM,
329,329.0,sketched_dense,0.0009946014367498,0.0331243800001175,10.0,16.0,9.0,TensorTrainDRM,TensorTrainDRM,
330,330.0,sketched_dense,0.0008643412736374,0.0307445670005108,10.0,16.0,10.0,TensorTrainDRM,TensorTrainDRM,
331,331.0,sketched_dense,0.0009312963918832,0.0303657459999158,10.0,16.0,11.0,TensorTrainDRM,TensorTrainDRM,
332,332.0,sketched_dense,0.0025145350928122,0.0346471340008065,10.0,16.0,12.0,TensorTrainDRM,TensorTrainDRM,
333,333.0,sketched_dense,0.0009478573663742,0.0309615759997541,10.0,16.0,13.0,TensorTrainDRM,TensorTrainDRM,
334,334.0,sketched_dense,0.0010790606662609,0.030246876000092,10.0,16.0,14.0,TensorTrainDRM,TensorTrainDRM,
335,335.0,sketched_dense,0.0002678777605958,0.0379551900005026,10.0,16.0,15.0,TensorTrainDRM,TensorTrainDRM,
336,336.0,sketched_dense,0.0003977639164692,0.043102349000037,10.0,16.0,16.0,TensorTrainDRM,TensorTrainDRM,
337,337.0,sketched_dense,0.0009253842052611,0.0399201149994041,10.0,16.0,17.0,TensorTrainDRM,TensorTrainDRM,
338,338.0,sketched_dense,0.0002800366560122,0.0341495530001338,10.0,16.0,18.0,TensorTrainDRM,TensorTrainDRM,
339,339.0,sketched_dense,0.0017940307545434,0.0299103360002845,10.0,16.0,19.0,TensorTrainDRM,TensorTrainDRM,
340,340.0,sketched_dense,0.0009212573936565,0.0313219669997124,10.0,17.0,0.0,TensorTrainDRM,TensorTrainDRM,
341,341.0,sketched_dense,0.001046368279911,0.0655997710000519,10.0,17.0,1.0,TensorTrainDRM,TensorTrainDRM,
342,342.0,sketched_dense,0.0007946256104089,0.0356376750005438,10.0,17.0,2.0,TensorTrainDRM,TensorTrainDRM,
343,343.0,sketched_dense,0.0007797463490168,0.0382609509997564,10.0,17.0,3.0,TensorTrainDRM,TensorTrainDRM,
344,344.0,sketched_dense,0.0004147677407611,0.044420302000617,10.0,17.0,4.0,TensorTrainDRM,TensorTrainDRM,
345,345.0,sketched_dense,0.0004501033976666,0.0365678179996393,10.0,17.0,5.0,TensorTrainDRM,TensorTrainDRM,
346,346.0,sketched_dense,0.0006913643883411,0.0502281620001667,10.0,17.0,6.0,TensorTrainDRM,TensorTrainDRM,
347,347.0,sketched_dense,0.0013618486903711,0.0343566729998201,10.0,17.0,7.0,TensorTrainDRM,TensorTrainDRM,
348,348.0,sketched_dense,0.0005682057323696,0.0440434909996838,10.0,17.0,8.0,TensorTrainDRM,TensorTrainDRM,
349,349.0,sketched_dense,0.0016449196801546,0.0341967530002875,10.0,17.0,9.0,TensorTrainDRM,TensorTrainDRM,
350,350.0,sketched_dense,0.0003823616428519,0.0353957940005784,10.0,17.0,10.0,TensorTrainDRM,TensorTrainDRM,
351,351.0,sketched_dense,0.0006077960927028,0.0331574020001426,10.0,17.0,11.0,TensorTrainDRM,TensorTrainDRM,
352,352.0,sketched_dense,0.0003819104826585,0.034618424000655,10.0,17.0,12.0,TensorTrainDRM,TensorTrainDRM,
353,353.0,sketched_dense,0.0009561160647875,0.0379138690004765,10.0,17.0,13.0,TensorTrainDRM,TensorTrainDRM,
354,354.0,sketched_dense,0.0005775736895996,0.0339332120001927,10.0,17.0,14.0,TensorTrainDRM,TensorTrainDRM,
355,355.0,sketched_dense,0.0002469783855184,0.0343013230003634,10.0,17.0,15.0,TensorTrainDRM,TensorTrainDRM,
356,356.0,sketched_dense,0.0005858486726006,0.0503832730000795,10.0,17.0,16.0,TensorTrainDRM,TensorTrainDRM,
357,357.0,sketched_dense,0.0005743692406001,0.0331879699997443,10.0,17.0,17.0,TensorTrainDRM,TensorTrainDRM,
358,358.0,sketched_dense,0.003059425981163,0.0373383289997946,10.0,17.0,18.0,TensorTrainDRM,TensorTrainDRM,
359,359.0,sketched_dense,0.0017781040341475,0.0702210399995237,10.0,17.0,19.0,TensorTrainDRM,TensorTrainDRM,
360,360.0,sketched_dense,0.0004532112470804,0.0851752370008398,10.0,18.0,0.0,TensorTrainDRM,TensorTrainDRM,
361,361.0,sketched_dense,0.0012651836050744,0.0619536329995753,10.0,18.0,1.0,TensorTrainDRM,TensorTrainDRM,
362,362.0,sketched_dense,0.0005653809793254,0.0460761439999259,10.0,18.0,2.0,TensorTrainDRM,TensorTrainDRM,
363,363.0,sketched_dense,0.0009818453683584,0.0324243609993573,10.0,18.0,3.0,TensorTrainDRM,TensorTrainDRM,
364,364.0,sketched_dense,0.0005127008386872,0.0339900019998822,10.0,18.0,4.0,TensorTrainDRM,TensorTrainDRM,
365,365.0,sketched_dense,0.0007051224195732,0.0523448559997632,10.0,18.0,5.0,TensorTrainDRM,TensorTrainDRM,
366,366.0,sketched_dense,0.0002399897626213,0.0463565240006573,10.0,18.0,6.0,TensorTrainDRM,TensorTrainDRM,
367,367.0,sketched_dense,0.0006917173082193,0.0395134929995037,10.0,18.0,7.0,TensorTrainDRM,TensorTrainDRM,
368,368.0,sketched_dense,0.0008088591315311,0.0386160210000525,10.0,18.0,8.0,TensorTrainDRM,TensorTrainDRM,
369,369.0,sketched_dense,0.0009451825970589,0.0509684150001703,10.0,18.0,9.0,TensorTrainDRM,TensorTrainDRM,
370,370.0,sketched_dense,0.0009048606418865,0.0419382469999618,10.0,18.0,10.0,TensorTrainDRM,TensorTrainDRM,
371,371.0,sketched_dense,0.0010066977329579,0.0353058250002504,10.0,18.0,11.0,TensorTrainDRM,TensorTrainDRM,
372,372.0,sketched_dense,0.0005430914857478,0.0403716339997117,10.0,18.0,12.0,TensorTrainDRM,TensorTrainDRM,
373,373.0,sketched_dense,0.0003527830382571,0.0510321639994799,10.0,18.0,13.0,TensorTrainDRM,TensorTrainDRM,
374,374.0,sketched_dense,0.0008428477982823,0.04166482599976,10.0,18.0,14.0,TensorTrainDRM,TensorTrainDRM,
375,375.0,sketched_dense,0.0009319199930163,0.0433580090002578,10.0,18.0,15.0,TensorTrainDRM,TensorTrainDRM,
376,376.0,sketched_dense,0.0006020613244582,0.0368029979999846,10.0,18.0,16.0,TensorTrainDRM,TensorTrainDRM,
377,377.0,sketched_dense,0.00033941158967,0.0353293750004013,10.0,18.0,17.0,TensorTrainDRM,TensorTrainDRM,
378,378.0,sketched_dense,0.0006668673687002,0.0468913759996212,10.0,18.0,18.0,TensorTrainDRM,TensorTrainDRM,
379,379.0,sketched_dense,0.00059613303136,0.0325919810002233,10.0,18.0,19.0,TensorTrainDRM,TensorTrainDRM,
380,380.0,sketched_dense,0.0004730700810054,0.0307556760008083,10.0,19.0,0.0,TensorTrainDRM,TensorTrainDRM,
381,381.0,sketched_dense,0.0007079837262262,0.0483452779999424,10.0,19.0,1.0,TensorTrainDRM,TensorTrainDRM,
382,382.0,sketched_dense,0.000451957011394,0.0328959599992231,10.0,19.0,2.0,TensorTrainDRM,TensorTrainDRM,
383,383.0,sketched_dense,0.0003111649327296,0.0333550120003565,10.0,19.0,3.0,TensorTrainDRM,TensorTrainDRM,
384,384.0,sketched_dense,0.0007325748500749,0.0593757689994163,10.0,19.0,4.0,TensorTrainDRM,TensorTrainDRM,
385,385.0,sketched_dense,0.0005953959597993,0.0601896710004439,10.0,19.0,5.0,TensorTrainDRM,TensorTrainDRM,
386,386.0,sketched_dense,0.0007037348676121,0.0333644610000192,10.0,19.0,6.0,TensorTrainDRM,TensorTrainDRM,
387,387.0,sketched_dense,0.000386852163447,0.0302740560000529,10.0,19.0,7.0,TensorTrainDRM,TensorTrainDRM,
388,388.0,sketched_dense,0.0005740954707778,0.0519414849995882,10.0,19.0,8.0,TensorTrainDRM,TensorTrainDRM,
389,389.0,sketched_dense,0.0007860736361833,0.0576655659997413,10.0,19.0,9.0,TensorTrainDRM,TensorTrainDRM,
390,390.0,sketched_dense,0.0019169697845037,0.0296014749992536,10.0,19.0,10.0,TensorTrainDRM,TensorTrainDRM,
391,391.0,sketched_dense,0.0005290343983398,0.052512256999762,10.0,19.0,11.0,TensorTrainDRM,TensorTrainDRM,
392,392.0,sketched_dense,0.00034628732839,0.0335690219999378,10.0,19.0,12.0,TensorTrainDRM,TensorTrainDRM,
393,393.0,sketched_dense,0.0005639480925891,0.0407363240001359,10.0,19.0,13.0,TensorTrainDRM,TensorTrainDRM,
394,394.0,sketched_dense,0.0005256318656536,0.0559918930002822,10.0,19.0,14.0,TensorTrainDRM,TensorTrainDRM,
395,395.0,sketched_dense,0.0004989163813389,0.0517414340001778,10.0,19.0,15.0,TensorTrainDRM,TensorTrainDRM,
396,396.0,sketched_dense,0.0005231646894331,0.0417167670002527,10.0,19.0,16.0,TensorTrainDRM,TensorTrainDRM,
397,397.0,sketched_dense,0.0011207740728649,0.0455463030002647,10.0,19.0,17.0,TensorTrainDRM,TensorTrainDRM,
398,398.0,sketched_dense,0.0003547900860208,0.0354722749998472,10.0,19.0,18.0,TensorTrainDRM,TensorTrainDRM,
399,399.0,sketched_dense,0.0007007976811961,0.0466567049998047,10.0,19.0,19.0,TensorTrainDRM,TensorTrainDRM,
400,400.0,tt_svd,2.7149207401909575e-05,0.0985388999997667,,,,,,10.0
401,,recursive_sketch,9.017398015341514e-05,0.03868520499963779,10.0,20.0,0.0,,,
402,,recursive_sketch,6.056381509735953e-05,0.09440693400028977,10.0,20.0,1.0,,,
403,,recursive_sketch,7.076225809434773e-05,0.06526315699920815,10.0,20.0,2.0,,,
404,,recursive_sketch,0.00010322008176171432,0.0663479089998873,10.0,20.0,3.0,,,
405,,recursive_sketch,0.0001029547579095842,0.10796227100036049,10.0,20.0,4.0,,,
406,,recursive_sketch,8.078147509180399e-05,0.07395247299973562,10.0,20.0,5.0,,,
407,,recursive_sketch,8.920502802773466e-05,0.06713426799979061,10.0,20.0,6.0,,,
408,,recursive_sketch,5.3127328191665354e-05,0.06856167300065863,10.0,20.0,7.0,,,
409,,recursive_sketch,6.840222595822246e-05,0.07312505200025043,10.0,20.0,8.0,,,
410,,recursive_sketch,7.866303273708467e-05,0.07622966599956271,10.0,20.0,9.0,,,
411,,recursive_sketch,6.139027924666608e-05,0.06989077499929408,10.0,20.0,10.0,,,
412,,recursive_sketch,8.339462847006433e-05,0.08751318099893979,10.0,20.0,11.0,,,
413,,recursive_sketch,6.861617402975261e-05,0.07170461799978511,10.0,20.0,12.0,,,
414,,recursive_sketch,6.496321760564313e-05,0.07822747099999106,10.0,20.0,13.0,,,
415,,recursive_sketch,8.225231214028009e-05,0.07266160200015293,10.0,20.0,14.0,,,
416,,recursive_sketch,0.00012104216469491039,0.06964486600008968,10.0,20.0,15.0,,,
417,,recursive_sketch,8.667275556541897e-05,0.07093831699967268,10.0,20.0,16.0,,,
418,,recursive_sketch,9.474230511415971e-05,0.10323894099929021,10.0,20.0,17.0,,,
419,,recursive_sketch,8.340944809073121e-05,0.08224027000142087,10.0,20.0,18.0,,,
420,,recursive_sketch,0.00010664667439505836,0.0802962359994126,10.0,20.0,19.0,,,
421,,recursive_sketch,0.00014364637366045803,0.07821424299982027,10.0,21.0,0.0,,,
422,,recursive_sketch,5.655640451026983e-05,0.08270153100056632,10.0,21.0,1.0,,,
423,,recursive_sketch,0.00010343622399789718,0.060247417000937276,10.0,21.0,2.0,,,
424,,recursive_sketch,9.830742362270382e-05,0.059012734000134515,10.0,21.0,3.0,,,
425,,recursive_sketch,0.00011666120905982231,0.08479964599973755,10.0,21.0,4.0,,,
426,,recursive_sketch,9.581780336783183e-05,0.09300846100086346,10.0,21.0,5.0,,,
427,,recursive_sketch,9.237496117738271e-05,0.08885440300036862,10.0,21.0,6.0,,,
428,,recursive_sketch,0.00010268325798944303,0.08837829299955047,10.0,21.0,7.0,,,
429,,recursive_sketch,6.637220077788597e-05,0.12332518999937747,10.0,21.0,8.0,,,
430,,recursive_sketch,9.494317461562159e-05,0.055779790000087814,10.0,21.0,9.0,,,
431,,recursive_sketch,7.062304340326612e-05,0.11659699699885095,10.0,21.0,10.0,,,
432,,recursive_sketch,6.122646626859586e-05,0.20871495599931222,10.0,21.0,11.0,,,
433,,recursive_sketch,8.31497760401704e-05,0.08330237200061674,10.0,21.0,12.0,,,
434,,recursive_sketch,9.710794779956444e-05,0.07119939799849817,10.0,21.0,13.0,,,
435,,recursive_sketch,8.901240657561593e-05,0.05675720099861792,10.0,21.0,14.0,,,
436,,recursive_sketch,8.75629766834621e-05,0.10476794399983191,10.0,21.0,15.0,,,
437,,recursive_sketch,7.811732062076243e-05,0.0724687609999819,10.0,21.0,16.0,,,
438,,recursive_sketch,9.736797426596233e-05,0.12681067700032145,10.0,21.0,17.0,,,
439,,recursive_sketch,9.142392442167962e-05,0.08607762800056662,10.0,21.0,18.0,,,
440,,recursive_sketch,7.375750245395852e-05,0.10054855599992152,10.0,21.0,19.0,,,
441,,recursive_sketch,8.580497330613383e-05,0.11174678800125548,10.0,22.0,0.0,,,
442,,recursive_sketch,0.00013109629097183374,0.11456653300047037,10.0,22.0,1.0,,,
443,,recursive_sketch,8.974721873681858e-05,0.09569538599862426,10.0,22.0,2.0,,,
444,,recursive_sketch,7.295200615673786e-05,0.11758177800038538,10.0,22.0,3.0,,,
445,,recursive_sketch,5.262418600507334e-05,0.08915095399970596,10.0,22.0,4.0,,,
446,,recursive_sketch,9.14703620435281e-05,0.094898954999735,10.0,22.0,5.0,,,
447,,recursive_sketch,8.389844131267594e-05,0.09534343499944953,10.0,22.0,6.0,,,
448,,recursive_sketch,7.198675419005199e-05,0.08866577299886558,10.0,22.0,7.0,,,
449,,recursive_sketch,7.030176619472326e-05,0.09037448599883646,10.0,22.0,8.0,,,
450,,recursive_sketch,6.636758347873654e-05,0.08646451799904753,10.0,22.0,9.0,,,
451,,recursive_sketch,8.465748419830928e-05,0.06922370399843203,10.0,22.0,10.0,,,
452,,recursive_sketch,9.898659840812984e-05,0.04280422299962083,10.0,22.0,11.0,,,
453,,recursive_sketch,5.3800214136381275e-05,0.056337578998864046,10.0,22.0,12.0,,,
454,,recursive_sketch,6.12011124460922e-05,0.07118526799968095,10.0,22.0,13.0,,,
455,,recursive_sketch,5.4863441653183216e-05,0.08921637399907922,10.0,22.0,14.0,,,
456,,recursive_sketch,4.679400582488286e-05,0.07161888900009217,10.0,22.0,15.0,,,
457,,recursive_sketch,6.647667826128003e-05,0.08645852900008322,10.0,22.0,16.0,,,
458,,recursive_sketch,8.687338623745163e-05,0.06801117199938744,10.0,22.0,17.0,,,
459,,recursive_sketch,7.461969449848685e-05,0.04215870199914207,10.0,22.0,18.0,,,
460,,recursive_sketch,5.5121167481035845e-05,0.04980785800034937,10.0,22.0,19.0,,,
461,,recursive_sketch,8.935775006530928e-05,0.08780741099872102,10.0,23.0,0.0,,,
462,,recursive_sketch,6.0609723488019665e-05,0.04130623099990771,10.0,23.0,1.0,,,
463,,recursive_sketch,5.6869408355776115e-05,0.04295375299989246,10.0,23.0,2.0,,,
464,,recursive_sketch,0.00011138693680095221,0.05681749100040179,10.0,23.0,3.0,,,
465,,recursive_sketch,7.977129695856156e-05,0.06648190899977635,10.0,23.0,4.0,,,
466,,recursive_sketch,6.184325815528716e-05,0.056427498999255477,10.0,23.0,5.0,,,
467,,recursive_sketch,7.007173321493771e-05,0.06432629600021755,10.0,23.0,6.0,,,
468,,recursive_sketch,5.323388642887252e-05,0.06175739099853672,10.0,23.0,7.0,,,
469,,recursive_sketch,5.467636227814775e-05,0.05390384500060463,10.0,23.0,8.0,,,
470,,recursive_sketch,7.667849289149377e-05,0.06263873200077796,10.0,23.0,9.0,,,
471,,recursive_sketch,6.273867336293317e-05,0.04876542499914649,10.0,23.0,10.0,,,
472,,recursive_sketch,6.465425437872508e-05,0.07846147199961706,10.0,23.0,11.0,,,
473,,recursive_sketch,6.316679588796522e-05,0.08652240699848335,10.0,23.0,12.0,,,
474,,recursive_sketch,6.661226966075197e-05,0.06545018700126093,10.0,23.0,13.0,,,
475,,recursive_sketch,8.22008126095057e-05,0.045329199001571396,10.0,23.0,14.0,,,
476,,recursive_sketch,6.058417741575057e-05,0.08050016599918308,10.0,23.0,15.0,,,
477,,recursive_sketch,7.447622568023727e-05,0.06153283999992709,10.0,23.0,16.0,,,
478,,recursive_sketch,6.462344195808784e-05,0.04067109999959939,10.0,23.0,17.0,,,
479,,recursive_sketch,6.770264357879796e-05,0.05715192099887645,10.0,23.0,18.0,,,
480,,recursive_sketch,5.8516826008852964e-05,0.07751102200018067,10.0,23.0,19.0,,,
481,,recursive_sketch,0.00014727691440500994,0.06791127199903713,10.0,24.0,0.0,,,
482,,recursive_sketch,6.727995924963367e-05,0.055485357999714324,10.0,24.0,1.0,,,
483,,recursive_sketch,6.392027907974121e-05,0.04587938799886615,10.0,24.0,2.0,,,
484,,recursive_sketch,0.00010268611959387477,0.07707808099985414,10.0,24.0,3.0,,,
485,,recursive_sketch,4.847469667786467e-05,0.06631595799990464,10.0,24.0,4.0,,,
486,,recursive_sketch,7.532034854072686e-05,0.04545642800076166,10.0,24.0,5.0,,,
487,,recursive_sketch,9.111344631886729e-05,0.04566352899928461,10.0,24.0,6.0,,,
488,,recursive_sketch,4.842269706382897e-05,0.07413654500123812,10.0,24.0,7.0,,,
489,,recursive_sketch,5.0938238004469485e-05,0.06322661199919821,10.0,24.0,8.0,,,
490,,recursive_sketch,8.093130270906284e-05,0.044606356999793206,10.0,24.0,9.0,,,
491,,recursive_sketch,8.605006475167641e-05,0.06362480499956291,10.0,24.0,10.0,,,
492,,recursive_sketch,9.348027828394133e-05,0.04461034700034361,10.0,24.0,11.0,,,
493,,recursive_sketch,5.705741785927235e-05,0.0443155660013872,10.0,24.0,12.0,,,
494,,recursive_sketch,6.0652722195187524e-05,0.08075743700101157,10.0,24.0,13.0,,,
495,,recursive_sketch,6.726550430369275e-05,0.07124688900148612,10.0,24.0,14.0,,,
496,,recursive_sketch,8.802792415307353e-05,0.053607624000505893,10.0,24.0,15.0,,,
497,,recursive_sketch,5.478949678000412e-05,0.09270974200080673,10.0,24.0,16.0,,,
498,,recursive_sketch,5.7113160404202914e-05,0.08006162499987113,10.0,24.0,17.0,,,
499,,recursive_sketch,5.0983623599923195e-05,0.09270926200042595,10.0,24.0,18.0,,,
500,,recursive_sketch,0.0001076084607526976,0.1219093680010701,10.0,24.0,19.0,,,
501,,recursive_sketch,4.959283971678095e-05,0.0803622669991455,10.0,25.0,0.0,,,
502,,recursive_sketch,9.86552985109566e-05,0.07772049099912692,10.0,25.0,1.0,,,
503,,recursive_sketch,9.696357020981242e-05,0.07139919899964298,10.0,25.0,2.0,,,
504,,recursive_sketch,6.656445925942904e-05,0.047234290999767836,10.0,25.0,3.0,,,
505,,recursive_sketch,4.758366852899784e-05,0.07655306000015116,10.0,25.0,4.0,,,
506,,recursive_sketch,0.00010311189126115903,0.06501263499922061,10.0,25.0,5.0,,,
507,,recursive_sketch,8.425062038229568e-05,0.04187491099946783,10.0,25.0,6.0,,,
508,,recursive_sketch,0.00011361464569616613,0.04126128999996581,10.0,25.0,7.0,,,
509,,recursive_sketch,5.303145334035637e-05,0.05554995800048346,10.0,25.0,8.0,,,
510,,recursive_sketch,8.272347066464384e-05,0.07577930799925525,10.0,25.0,9.0,,,
511,,recursive_sketch,5.89029022022245e-05,0.046486481000101776,10.0,25.0,10.0,,,
512,,recursive_sketch,5.34903643567078e-05,0.046796370999800274,10.0,25.0,11.0,,,
513,,recursive_sketch,7.628371240679931e-05,0.047303212000770145,10.0,25.0,12.0,,,
514,,recursive_sketch,7.246757653745316e-05,0.044710236999890185,10.0,25.0,13.0,,,
515,,recursive_sketch,5.489652091709824e-05,0.046179071001461125,10.0,25.0,14.0,,,
516,,recursive_sketch,6.86532830037868e-05,0.049434287000622135,10.0,25.0,15.0,,,
517,,recursive_sketch,6.998257425151123e-05,0.04630297999938193,10.0,25.0,16.0,,,
518,,recursive_sketch,0.00010046475594650867,0.04597934800040093,10.0,25.0,17.0,,,
519,,recursive_sketch,6.898622830470748e-05,0.08150245899923902,10.0,25.0,18.0,,,
520,,recursive_sketch,0.00011997791067519166,0.07439432399951329,10.0,25.0,19.0,,,
521,,recursive_sketch,5.266629799237433e-05,0.043411085000116145,10.0,26.0,0.0,,,
522,,recursive_sketch,5.00477636432525e-05,0.04381034600010025,10.0,26.0,1.0,,,
523,,recursive_sketch,7.666612602545724e-05,0.040530759000830585,10.0,26.0,2.0,,,
524,,recursive_sketch,9.519700021301563e-05,0.059252543998809415,10.0,26.0,3.0,,,
525,,recursive_sketch,5.889039015218206e-05,0.07689872999981162,10.0,26.0,4.0,,,
526,,recursive_sketch,6.933501649718183e-05,0.04234553200149094,10.0,26.0,5.0,,,
527,,recursive_sketch,7.799739534180994e-05,0.04091252999933204,10.0,26.0,6.0,,,
528,,recursive_sketch,8.428056449598465e-05,0.06363296300150978,10.0,26.0,7.0,,,
529,,recursive_sketch,7.434765732677038e-05,0.0733414129990706,10.0,26.0,8.0,,,
530,,recursive_sketch,0.00012039792596925518,0.04246631199930562,10.0,26.0,9.0,,,
531,,recursive_sketch,5.4391081256779464e-05,0.04207310200035863,10.0,26.0,10.0,,,
532,,recursive_sketch,0.00011710637466701174,0.043482625000251574,10.0,26.0,11.0,,,
533,,recursive_sketch,9.618016248395223e-05,0.0632219229992188,10.0,26.0,12.0,,,
534,,recursive_sketch,5.0374341290101536e-05,0.07837436299996625,10.0,26.0,13.0,,,
535,,recursive_sketch,7.931720213543625e-05,0.08265523200134339,10.0,26.0,14.0,,,
536,,recursive_sketch,7.175144495848935e-05,0.07510734599964053,10.0,26.0,15.0,,,
537,,recursive_sketch,9.042826317135315e-05,0.04149233999851276,10.0,26.0,16.0,,,
538,,recursive_sketch,9.259952719392867e-05,0.04372085400063952,10.0,26.0,17.0,,,
539,,recursive_sketch,9.024637503123231e-05,0.057206010998925194,10.0,26.0,18.0,,,
540,,recursive_sketch,4.607997203033189e-05,0.07624276900060067,10.0,26.0,19.0,,,
541,,recursive_sketch,8.244177053471293e-05,0.08941383499950462,10.0,27.0,0.0,,,
542,,recursive_sketch,8.261553405478551e-05,0.09407044399995357,10.0,27.0,1.0,,,
543,,recursive_sketch,5.596372295915337e-05,0.07975733399871388,10.0,27.0,2.0,,,
544,,recursive_sketch,8.380262603449965e-05,0.08683951899911335,10.0,27.0,3.0,,,
545,,recursive_sketch,5.172510357711127e-05,0.043353594999643974,10.0,27.0,4.0,,,
546,,recursive_sketch,9.533893773880546e-05,0.043829283999002655,10.0,27.0,5.0,,,
547,,recursive_sketch,5.121334716641603e-05,0.051211598998634145,10.0,27.0,6.0,,,
548,,recursive_sketch,6.624484551872777e-05,0.07825480300016352,10.0,27.0,7.0,,,
549,,recursive_sketch,4.8146681401797755e-05,0.07509589599976607,10.0,27.0,8.0,,,
550,,recursive_sketch,5.520103585216894e-05,0.046113700000205426,10.0,27.0,9.0,,,
551,,recursive_sketch,5.0777314037513115e-05,0.0439404150001792,10.0,27.0,10.0,,,
552,,recursive_sketch,4.308010090902854e-05,0.07635314799881598,10.0,27.0,11.0,,,
553,,recursive_sketch,9.148863852727896e-05,0.07341287300005206,10.0,27.0,12.0,,,
554,,recursive_sketch,7.784508226619307e-05,0.05952488600087236,10.0,27.0,13.0,,,
555,,recursive_sketch,7.433032135641961e-05,0.04791999400003988,10.0,27.0,14.0,,,
556,,recursive_sketch,4.611394852978802e-05,0.04446460700091848,10.0,27.0,15.0,,,
557,,recursive_sketch,4.752009435661539e-05,0.04743491199951677,10.0,27.0,16.0,,,
558,,recursive_sketch,0.00010249381793425491,0.04695614100091916,10.0,27.0,17.0,,,
559,,recursive_sketch,5.4645890983801356e-05,0.052351242000440834,10.0,27.0,18.0,,,
560,,recursive_sketch,8.628092109059798e-05,0.04861678400084202,10.0,27.0,19.0,,,
561,,recursive_sketch,4.6874391924489335e-05,0.04740916100126924,10.0,28.0,0.0,,,
562,,recursive_sketch,4.694671089848244e-05,0.07141009799852327,10.0,28.0,1.0,,,
563,,recursive_sketch,7.231531693248757e-05,0.05324351400122396,10.0,28.0,2.0,,,
564,,recursive_sketch,8.449052546650107e-05,0.05661409999993339,10.0,28.0,3.0,,,
565,,recursive_sketch,6.167130460248194e-05,0.061339900001257774,10.0,28.0,4.0,,,
566,,recursive_sketch,6.797206352754148e-05,0.05045095800051058,10.0,28.0,5.0,,,
567,,recursive_sketch,5.431118828096965e-05,0.05127413000082015,10.0,28.0,6.0,,,
568,,recursive_sketch,4.465329022074391e-05,0.05232022299969685,10.0,28.0,7.0,,,
569,,recursive_sketch,8.004194158772228e-05,0.050618288998521166,10.0,28.0,8.0,,,
570,,recursive_sketch,7.212783553822586e-05,0.05132544000116468,10.0,28.0,9.0,,,
571,,recursive_sketch,6.0848041941250824e-05,0.05173075200036692,10.0,28.0,10.0,,,
572,,recursive_sketch,9.686004778679526e-05,0.05117993999920145,10.0,28.0,11.0,,,
573,,recursive_sketch,8.102432781452694e-05,0.05302503299935779,10.0,28.0,12.0,,,
574,,recursive_sketch,6.058243688480337e-05,0.04793475299993588,10.0,28.0,13.0,,,
575,,recursive_sketch,5.365699447648283e-05,0.051249479000034626,10.0,28.0,14.0,,,
576,,recursive_sketch,6.281625436319682e-05,0.0515038209996419,10.0,28.0,15.0,,,
577,,recursive_sketch,9.766022998058348e-05,0.047971294001399656,10.0,28.0,16.0,,,
578,,recursive_sketch,6.591369423668876e-05,0.049939448001168785,10.0,28.0,17.0,,,
579,,recursive_sketch,8.319933100473991e-05,0.04700493099880987,10.0,28.0,18.0,,,
580,,recursive_sketch,5.7178712381245235e-05,0.047401652998814825,10.0,28.0,19.0,,,
581,,recursive_sketch,5.040479621337967e-05,0.04770795300100872,10.0,29.0,0.0,,,
582,,recursive_sketch,5.3566256249417154e-05,0.06340629300029832,10.0,29.0,1.0,,,
583,,recursive_sketch,8.275797226371189e-05,0.0507853189992602,10.0,29.0,2.0,,,
584,,recursive_sketch,5.545067537556003e-05,0.05275131300004432,10.0,29.0,3.0,,,
585,,recursive_sketch,5.613731096903189e-05,0.05214988300031109,10.0,29.0,4.0,,,
586,,recursive_sketch,7.450795595340598e-05,0.051402569999481784,10.0,29.0,5.0,,,
587,,recursive_sketch,8.646783182249691e-05,0.055015476998960366,10.0,29.0,6.0,,,
588,,recursive_sketch,5.7668514981013234e-05,0.05319346299984318,10.0,29.0,7.0,,,
589,,recursive_sketch,5.7052155811961276e-05,0.05287306299942429,10.0,29.0,8.0,,,
590,,recursive_sketch,6.265886587698605e-05,0.05208418199981679,10.0,29.0,9.0,,,
591,,recursive_sketch,8.428796734625426e-05,0.05179893000058655,10.0,29.0,10.0,,,
592,,recursive_sketch,9.408851880874638e-05,0.05222903200046858,10.0,29.0,11.0,,,
593,,recursive_sketch,0.00011624741100837173,0.05092343000069377,10.0,29.0,12.0,,,
594,,recursive_sketch,8.629389708830877e-05,0.05136884000057762,10.0,29.0,13.0,,,
595,,recursive_sketch,8.700109936129101e-05,0.05163470000115922,10.0,29.0,14.0,,,
596,,recursive_sketch,0.00010178204797565968,0.05251748199952999,10.0,29.0,15.0,,,
597,,recursive_sketch,5.8230058033118875e-05,0.06900679400132503,10.0,29.0,16.0,,,
598,,recursive_sketch,5.448709526190873e-05,0.05613306999839551,10.0,29.0,17.0,,,
599,,recursive_sketch,4.644860581780665e-05,0.05412425500071549,10.0,29.0,18.0,,,
600,,recursive_sketch,6.857917647723435e-05,0.11139351699966937,10.0,29.0,19.0,,,
601,,sketched_dense,0.0004127679183072265,0.025018747999638435,10.0,20.0,0.0,TensorTrainDRM,TensorTrainDRM,
602,,sketched_dense,0.00040117209040118636,0.03146372999981395,10.0,20.0,1.0,TensorTrainDRM,TensorTrainDRM,
603,,sketched_dense,0.000526012062761708,0.03275234399916371,10.0,20.0,2.0,TensorTrainDRM,TensorTrainDRM,
604,,sketched_dense,0.00038479898595112467,0.06236700100089365,10.0,20.0,3.0,TensorTrainDRM,TensorTrainDRM,
605,,sketched_dense,0.00029710988891438924,0.059256825001284597,10.0,20.0,4.0,TensorTrainDRM,TensorTrainDRM,
606,,sketched_dense,0.00044784078862774814,0.059611765998852206,10.0,20.0,5.0,TensorTrainDRM,TensorTrainDRM,
607,,sketched_dense,0.0005784482193718188,0.06083073799891281,10.0,20.0,6.0,TensorTrainDRM,TensorTrainDRM,
608,,sketched_dense,0.00030073839140651125,0.027804024999568355,10.0,20.0,7.0,TensorTrainDRM,TensorTrainDRM,
609,,sketched_dense,0.0004845772812067605,0.02908174700132804,10.0,20.0,8.0,TensorTrainDRM,TensorTrainDRM,
610,,sketched_dense,0.0013585270728601162,0.027750654000556096,10.0,20.0,9.0,TensorTrainDRM,TensorTrainDRM,
611,,sketched_dense,0.00044095154636284014,0.028070254000340356,10.0,20.0,10.0,TensorTrainDRM,TensorTrainDRM,
612,,sketched_dense,0.000603562590721133,0.028876374999526888,10.0,20.0,11.0,TensorTrainDRM,TensorTrainDRM,
613,,sketched_dense,0.0014894495213885884,0.029328028000236372,10.0,20.0,12.0,TensorTrainDRM,TensorTrainDRM,
614,,sketched_dense,0.000262551577611734,0.03194030300073791,10.0,20.0,13.0,TensorTrainDRM,TensorTrainDRM,
615,,sketched_dense,0.00044467258708885465,0.02980858699993405,10.0,20.0,14.0,TensorTrainDRM,TensorTrainDRM,
616,,sketched_dense,0.001374681454277563,0.02828236500135972,10.0,20.0,15.0,TensorTrainDRM,TensorTrainDRM,
617,,sketched_dense,0.0007246704659226736,0.028104304999942542,10.0,20.0,16.0,TensorTrainDRM,TensorTrainDRM,
618,,sketched_dense,0.0005889960306224555,0.05653379999967001,10.0,20.0,17.0,TensorTrainDRM,TensorTrainDRM,
619,,sketched_dense,0.0004769329101197076,0.07228251099877525,10.0,20.0,18.0,TensorTrainDRM,TensorTrainDRM,
620,,sketched_dense,0.0005230547336920087,0.028596154999831924,10.0,20.0,19.0,TensorTrainDRM,TensorTrainDRM,
621,,sketched_dense,0.0008999305985368064,0.028257185000256868,10.0,21.0,0.0,TensorTrainDRM,TensorTrainDRM,
622,,sketched_dense,0.0006783943336122145,0.028667106000284548,10.0,21.0,1.0,TensorTrainDRM,TensorTrainDRM,
623,,sketched_dense,0.0005228490727076349,0.02837598599944613,10.0,21.0,2.0,TensorTrainDRM,TensorTrainDRM,
624,,sketched_dense,0.0003399818337253844,0.030147207000482013,10.0,21.0,3.0,TensorTrainDRM,TensorTrainDRM,
625,,sketched_dense,0.0002473498343817913,0.029220336999060237,10.0,21.0,4.0,TensorTrainDRM,TensorTrainDRM,
626,,sketched_dense,0.00035887117022762196,0.02818303500134789,10.0,21.0,5.0,TensorTrainDRM,TensorTrainDRM,
627,,sketched_dense,0.0003987617810891028,0.028719046000333037,10.0,21.0,6.0,TensorTrainDRM,TensorTrainDRM,
628,,sketched_dense,0.0003602074286123496,0.028532595999422483,10.0,21.0,7.0,TensorTrainDRM,TensorTrainDRM,
629,,sketched_dense,0.0006612981644000625,0.02862061499945412,10.0,21.0,8.0,TensorTrainDRM,TensorTrainDRM,
630,,sketched_dense,0.0007362734365484022,0.028876746000605635,10.0,21.0,9.0,TensorTrainDRM,TensorTrainDRM,
631,,sketched_dense,0.0009542632130988005,0.02860380600031931,10.0,21.0,10.0,TensorTrainDRM,TensorTrainDRM,
632,,sketched_dense,0.0003698645351391874,0.028477866000685026,10.0,21.0,11.0,TensorTrainDRM,TensorTrainDRM,
633,,sketched_dense,0.00028765080637583245,0.031792751000466524,10.0,21.0,12.0,TensorTrainDRM,TensorTrainDRM,
634,,sketched_dense,0.0003571551129545201,0.0468181119995279,10.0,21.0,13.0,TensorTrainDRM,TensorTrainDRM,
635,,sketched_dense,0.0005224464469276663,0.03184419200078992,10.0,21.0,14.0,TensorTrainDRM,TensorTrainDRM,
636,,sketched_dense,0.00038963562952736496,0.03218017200015311,10.0,21.0,15.0,TensorTrainDRM,TensorTrainDRM,
637,,sketched_dense,0.0004927462706141911,0.03215907100093318,10.0,21.0,16.0,TensorTrainDRM,TensorTrainDRM,
638,,sketched_dense,0.0005252220745794942,0.06753325199861138,10.0,21.0,17.0,TensorTrainDRM,TensorTrainDRM,
639,,sketched_dense,0.0001989770885286784,0.06179963899921859,10.0,21.0,18.0,TensorTrainDRM,TensorTrainDRM,
640,,sketched_dense,0.0011364262624349434,0.05926770499900158,10.0,21.0,19.0,TensorTrainDRM,TensorTrainDRM,
641,,sketched_dense,0.0003897834456185869,0.077348250999421,10.0,22.0,0.0,TensorTrainDRM,TensorTrainDRM,
642,,sketched_dense,0.0011338045372981033,0.06282160200134967,10.0,22.0,1.0,TensorTrainDRM,TensorTrainDRM,
643,,sketched_dense,0.0003696779761743401,0.029745438001555158,10.0,22.0,2.0,TensorTrainDRM,TensorTrainDRM,
644,,sketched_dense,0.0003651030558426388,0.02991348899922741,10.0,22.0,3.0,TensorTrainDRM,TensorTrainDRM,
645,,sketched_dense,0.0005461209984435369,0.030765550000069197,10.0,22.0,4.0,TensorTrainDRM,TensorTrainDRM,
646,,sketched_dense,0.0004953544682420117,0.029678618000616552,10.0,22.0,5.0,TensorTrainDRM,TensorTrainDRM,
647,,sketched_dense,0.0002387153597665534,0.03018342900031712,10.0,22.0,6.0,TensorTrainDRM,TensorTrainDRM,
648,,sketched_dense,0.0011480487002025208,0.034207226999569684,10.0,22.0,7.0,TensorTrainDRM,TensorTrainDRM,
649,,sketched_dense,0.00024766590930562607,0.031502252000791486,10.0,22.0,8.0,TensorTrainDRM,TensorTrainDRM,
650,,sketched_dense,0.0003054614978941831,0.03771236299871816,10.0,22.0,9.0,TensorTrainDRM,TensorTrainDRM,
651,,sketched_dense,0.000350853510933754,0.03237217399873771,10.0,22.0,10.0,TensorTrainDRM,TensorTrainDRM,
652,,sketched_dense,0.0002625084068590402,0.033782706001147744,10.0,22.0,11.0,TensorTrainDRM,TensorTrainDRM,
653,,sketched_dense,0.0002343173792540884,0.032647563000864466,10.0,22.0,12.0,TensorTrainDRM,TensorTrainDRM,
654,,sketched_dense,0.0005229572160555951,0.03313586400145141,10.0,22.0,13.0,TensorTrainDRM,TensorTrainDRM,
655,,sketched_dense,0.0008560616209804025,0.036193370000546565,10.0,22.0,14.0,TensorTrainDRM,TensorTrainDRM,
656,,sketched_dense,0.0003428236849378057,0.03547506900031294,10.0,22.0,15.0,TensorTrainDRM,TensorTrainDRM,
657,,sketched_dense,0.00031064200007239757,0.035782609000307275,10.0,22.0,16.0,TensorTrainDRM,TensorTrainDRM,
658,,sketched_dense,0.0004530060551288644,0.04017281799860939,10.0,22.0,17.0,TensorTrainDRM,TensorTrainDRM,
659,,sketched_dense,0.00027744531921566353,0.06000995599970338,10.0,22.0,18.0,TensorTrainDRM,TensorTrainDRM,
660,,sketched_dense,0.0005261299134005131,0.061236950001330115,10.0,22.0,19.0,TensorTrainDRM,TensorTrainDRM,
661,,sketched_dense,0.0002754658797147417,0.06693775100029598,10.0,23.0,0.0,TensorTrainDRM,TensorTrainDRM,
662,,sketched_dense,0.0004641082707932257,0.03624138000122912,10.0,23.0,1.0,TensorTrainDRM,TensorTrainDRM,
663,,sketched_dense,0.0008320114880416215,0.034519136999733746,10.0,23.0,2.0,TensorTrainDRM,TensorTrainDRM,
664,,sketched_dense,0.0007080058103149997,0.0348633970006631,10.0,23.0,3.0,TensorTrainDRM,TensorTrainDRM,
665,,sketched_dense,0.00032995841914485526,0.03722444300001371,10.0,23.0,4.0,TensorTrainDRM,TensorTrainDRM,
666,,sketched_dense,0.00027105419385307217,0.058930504999807454,10.0,23.0,5.0,TensorTrainDRM,TensorTrainDRM,
667,,sketched_dense,0.00039654925968679036,0.06238562200087472,10.0,23.0,6.0,TensorTrainDRM,TensorTrainDRM,
668,,sketched_dense,0.0003072715310290931,0.08033374499973434,10.0,23.0,7.0,TensorTrainDRM,TensorTrainDRM,
669,,sketched_dense,0.00024542689535545387,0.02962707799997588,10.0,23.0,8.0,TensorTrainDRM,TensorTrainDRM,
670,,sketched_dense,0.00045655357579134543,0.029978747999848565,10.0,23.0,9.0,TensorTrainDRM,TensorTrainDRM,
671,,sketched_dense,0.00042642889304172576,0.031397630998981185,10.0,23.0,10.0,TensorTrainDRM,TensorTrainDRM,
672,,sketched_dense,0.0004030023808532686,0.031597921000866336,10.0,23.0,11.0,TensorTrainDRM,TensorTrainDRM,
673,,sketched_dense,0.00045530261545953017,0.03131423999911931,10.0,23.0,12.0,TensorTrainDRM,TensorTrainDRM,
674,,sketched_dense,0.00040632822397338944,0.03040386900102021,10.0,23.0,13.0,TensorTrainDRM,TensorTrainDRM,
675,,sketched_dense,0.0007320134500348589,0.030013457999302773,10.0,23.0,14.0,TensorTrainDRM,TensorTrainDRM,
676,,sketched_dense,0.000896990970229571,0.030145857001116383,10.0,23.0,15.0,TensorTrainDRM,TensorTrainDRM,
677,,sketched_dense,0.0005336657805286309,0.043179643998882966,10.0,23.0,16.0,TensorTrainDRM,TensorTrainDRM,
678,,sketched_dense,0.00041974231329061786,0.05869452499973704,10.0,23.0,17.0,TensorTrainDRM,TensorTrainDRM,
679,,sketched_dense,0.0007462491200602993,0.034804736998921726,10.0,23.0,18.0,TensorTrainDRM,TensorTrainDRM,
680,,sketched_dense,0.0010564997601538013,0.03539941900089616,10.0,23.0,19.0,TensorTrainDRM,TensorTrainDRM,
681,,sketched_dense,0.0005642050862452846,0.036429501000384334,10.0,24.0,0.0,TensorTrainDRM,TensorTrainDRM,
682,,sketched_dense,0.0005112748317585538,0.035584219000156736,10.0,24.0,1.0,TensorTrainDRM,TensorTrainDRM,
683,,sketched_dense,0.0010049452204489017,0.03512371800024994,10.0,24.0,2.0,TensorTrainDRM,TensorTrainDRM,
684,,sketched_dense,0.00044375345113411717,0.036286051999923075,10.0,24.0,3.0,TensorTrainDRM,TensorTrainDRM,
685,,sketched_dense,0.0004830844713359057,0.06640710899955593,10.0,24.0,4.0,TensorTrainDRM,TensorTrainDRM,
686,,sketched_dense,0.0003718461986310723,0.0325654129992472,10.0,24.0,5.0,TensorTrainDRM,TensorTrainDRM,
687,,sketched_dense,0.0003318529912230274,0.031843733000641805,10.0,24.0,6.0,TensorTrainDRM,TensorTrainDRM,
688,,sketched_dense,0.0006006245572799359,0.032742692999818246,10.0,24.0,7.0,TensorTrainDRM,TensorTrainDRM,
689,,sketched_dense,0.0003854305543586832,0.03515825800059247,10.0,24.0,8.0,TensorTrainDRM,TensorTrainDRM,
690,,sketched_dense,0.0002504368094709303,0.05915359599930525,10.0,24.0,9.0,TensorTrainDRM,TensorTrainDRM,
691,,sketched_dense,0.0010073762159284658,0.03175610099970072,10.0,24.0,10.0,TensorTrainDRM,TensorTrainDRM,
692,,sketched_dense,0.0007202485495143888,0.03212061200065364,10.0,24.0,11.0,TensorTrainDRM,TensorTrainDRM,
693,,sketched_dense,0.000638959885451336,0.03217123200010974,10.0,24.0,12.0,TensorTrainDRM,TensorTrainDRM,
694,,sketched_dense,0.0005357933759058204,0.06643294899913599,10.0,24.0,13.0,TensorTrainDRM,TensorTrainDRM,
695,,sketched_dense,0.00033755437157609466,0.06355960299879371,10.0,24.0,14.0,TensorTrainDRM,TensorTrainDRM,
696,,sketched_dense,0.00029162402574291505,0.06004041699998197,10.0,24.0,15.0,TensorTrainDRM,TensorTrainDRM,
697,,sketched_dense,0.00042877043626246737,0.05922200499844621,10.0,24.0,16.0,TensorTrainDRM,TensorTrainDRM,
698,,sketched_dense,0.0002407718166622472,0.031355070999779855,10.0,24.0,17.0,TensorTrainDRM,TensorTrainDRM,
699,,sketched_dense,0.00027074519887347007,0.032610723999823676,10.0,24.0,18.0,TensorTrainDRM,TensorTrainDRM,
700,,sketched_dense,0.0020155863492399245,0.04171893199963961,10.0,24.0,19.0,TensorTrainDRM,TensorTrainDRM,
701,,sketched_dense,0.0004918560658137181,0.061969391999809886,10.0,25.0,0.0,TensorTrainDRM,TensorTrainDRM,
702,,sketched_dense,0.001045811825192438,0.03300928499993461,10.0,25.0,1.0,TensorTrainDRM,TensorTrainDRM,
703,,sketched_dense,0.0009337846988286489,0.032283704000292346,10.0,25.0,2.0,TensorTrainDRM,TensorTrainDRM,
704,,sketched_dense,0.00027849725444779427,0.04420301599930099,10.0,25.0,3.0,TensorTrainDRM,TensorTrainDRM,
705,,sketched_dense,0.00022933220524668543,0.05591348800044216,10.0,25.0,4.0,TensorTrainDRM,TensorTrainDRM,
706,,sketched_dense,0.00034157215479299185,0.032479103001605836,10.0,25.0,5.0,TensorTrainDRM,TensorTrainDRM,
707,,sketched_dense,0.0005364746792601032,0.03244575400094618,10.0,25.0,6.0,TensorTrainDRM,TensorTrainDRM,
708,,sketched_dense,0.0004941536397754695,0.033450394999817945,10.0,25.0,7.0,TensorTrainDRM,TensorTrainDRM,
709,,sketched_dense,0.00030928318930104146,0.06445140600044397,10.0,25.0,8.0,TensorTrainDRM,TensorTrainDRM,
710,,sketched_dense,0.0004536218484963254,0.03246462300012354,10.0,25.0,9.0,TensorTrainDRM,TensorTrainDRM,
711,,sketched_dense,0.0004988103803313989,0.06552829800057225,10.0,25.0,10.0,TensorTrainDRM,TensorTrainDRM,
712,,sketched_dense,0.0002767897043250555,0.06625399999938963,10.0,25.0,11.0,TensorTrainDRM,TensorTrainDRM,
713,,sketched_dense,0.00017658036971749763,0.06432235399915953,10.0,25.0,12.0,TensorTrainDRM,TensorTrainDRM,
714,,sketched_dense,0.0007002522339980717,0.03249027300080343,10.0,25.0,13.0,TensorTrainDRM,TensorTrainDRM,
715,,sketched_dense,0.000608061452355595,0.03393149700059439,10.0,25.0,14.0,TensorTrainDRM,TensorTrainDRM,
716,,sketched_dense,0.0006059665246625343,0.03248434400120459,10.0,25.0,15.0,TensorTrainDRM,TensorTrainDRM,
717,,sketched_dense,0.0005673194339309353,0.03244944300058705,10.0,25.0,16.0,TensorTrainDRM,TensorTrainDRM,
718,,sketched_dense,0.00018953005641739025,0.032685923999451916,10.0,25.0,17.0,TensorTrainDRM,TensorTrainDRM,
719,,sketched_dense,0.0001851949970289802,0.03443165799944836,10.0,25.0,18.0,TensorTrainDRM,TensorTrainDRM,
720,,sketched_dense,0.0003792441329379254,0.036532812000587,10.0,25.0,19.0,TensorTrainDRM,TensorTrainDRM,
721,,sketched_dense,0.00017327999490442754,0.03653584099993168,10.0,26.0,0.0,TensorTrainDRM,TensorTrainDRM,
722,,sketched_dense,0.0003895423846534954,0.037660433001292404,10.0,26.0,1.0,TensorTrainDRM,TensorTrainDRM,
723,,sketched_dense,0.00025404324736851653,0.03679979300068226,10.0,26.0,2.0,TensorTrainDRM,TensorTrainDRM,
724,,sketched_dense,0.0010576340255370885,0.03696051200131478,10.0,26.0,3.0,TensorTrainDRM,TensorTrainDRM,
725,,sketched_dense,0.0003083752401387629,0.03804667300028086,10.0,26.0,4.0,TensorTrainDRM,TensorTrainDRM,
726,,sketched_dense,0.00041462550011402496,0.036734911998792086,10.0,26.0,5.0,TensorTrainDRM,TensorTrainDRM,
727,,sketched_dense,0.00035984806084075237,0.036670051000328385,10.0,26.0,6.0,TensorTrainDRM,TensorTrainDRM,
728,,sketched_dense,0.0005484754443374687,0.037067152001327486,10.0,26.0,7.0,TensorTrainDRM,TensorTrainDRM,
729,,sketched_dense,0.0005372309002233568,0.03920872599883296,10.0,26.0,8.0,TensorTrainDRM,TensorTrainDRM,
730,,sketched_dense,0.0004322001553615449,0.03949638599988248,10.0,26.0,9.0,TensorTrainDRM,TensorTrainDRM,
731,,sketched_dense,0.00026911329390412166,0.03971729699878779,10.0,26.0,10.0,TensorTrainDRM,TensorTrainDRM,
732,,sketched_dense,0.0007695679064139542,0.04004150799846684,10.0,26.0,11.0,TensorTrainDRM,TensorTrainDRM,
733,,sketched_dense,0.00047809643927928223,0.03992563800056814,10.0,26.0,12.0,TensorTrainDRM,TensorTrainDRM,
734,,sketched_dense,0.0003903241400965312,0.040601258999231504,10.0,26.0,13.0,TensorTrainDRM,TensorTrainDRM,
735,,sketched_dense,0.0005185374263851315,0.041285018998678424,10.0,26.0,14.0,TensorTrainDRM,TensorTrainDRM,
736,,sketched_dense,0.00022675060298932997,0.042614092999428976,10.0,26.0,15.0,TensorTrainDRM,TensorTrainDRM,
737,,sketched_dense,0.00035873669756814676,0.03987912800039339,10.0,26.0,16.0,TensorTrainDRM,TensorTrainDRM,
738,,sketched_dense,0.0002890141287782219,0.04341574399950332,10.0,26.0,17.0,TensorTrainDRM,TensorTrainDRM,
739,,sketched_dense,0.0001627925360670777,0.06814818200109585,10.0,26.0,18.0,TensorTrainDRM,TensorTrainDRM,
740,,sketched_dense,0.0003123701739378652,0.03320108400112076,10.0,26.0,19.0,TensorTrainDRM,TensorTrainDRM,
741,,sketched_dense,0.0002374767877349813,0.03496004800035735,10.0,27.0,0.0,TensorTrainDRM,TensorTrainDRM,
742,,sketched_dense,0.00037994211272081443,0.03421232700020482,10.0,27.0,1.0,TensorTrainDRM,TensorTrainDRM,
743,,sketched_dense,0.00037283500470141825,0.06990478599982453,10.0,27.0,2.0,TensorTrainDRM,TensorTrainDRM,
744,,sketched_dense,0.00047957662706815234,0.06616470900007698,10.0,27.0,3.0,TensorTrainDRM,TensorTrainDRM,
745,,sketched_dense,0.0003467559733618714,0.031913512999381055,10.0,27.0,4.0,TensorTrainDRM,TensorTrainDRM,
746,,sketched_dense,0.0007268049904852584,0.03339965600025607,10.0,27.0,5.0,TensorTrainDRM,TensorTrainDRM,
747,,sketched_dense,0.00016886425573872974,0.032780505000118865,10.0,27.0,6.0,TensorTrainDRM,TensorTrainDRM,
748,,sketched_dense,0.0002430873145987328,0.03304948500044702,10.0,27.0,7.0,TensorTrainDRM,TensorTrainDRM,
749,,sketched_dense,0.00037672671719111663,0.03288594399964495,10.0,27.0,8.0,TensorTrainDRM,TensorTrainDRM,
750,,sketched_dense,0.0003505429932166014,0.03235468300044886,10.0,27.0,9.0,TensorTrainDRM,TensorTrainDRM,
751,,sketched_dense,0.0010245910362896625,0.03278715399937937,10.0,27.0,10.0,TensorTrainDRM,TensorTrainDRM,
752,,sketched_dense,0.0002555807150747402,0.03337075499985076,10.0,27.0,11.0,TensorTrainDRM,TensorTrainDRM,
753,,sketched_dense,0.0003062429798879905,0.03329940500043449,10.0,27.0,12.0,TensorTrainDRM,TensorTrainDRM,
754,,sketched_dense,0.00027818448269419023,0.03865325700098765,10.0,27.0,13.0,TensorTrainDRM,TensorTrainDRM,
755,,sketched_dense,0.00016894728320949133,0.03540387000066403,10.0,27.0,14.0,TensorTrainDRM,TensorTrainDRM,
756,,sketched_dense,0.0003525543568468728,0.03788914299911994,10.0,27.0,15.0,TensorTrainDRM,TensorTrainDRM,
757,,sketched_dense,0.0002612001312046931,0.04435418499997468,10.0,27.0,16.0,TensorTrainDRM,TensorTrainDRM,
758,,sketched_dense,0.00033343884018506207,0.037310682999304845,10.0,27.0,17.0,TensorTrainDRM,TensorTrainDRM,
759,,sketched_dense,0.00030828816048275343,0.03685619099996984,10.0,27.0,18.0,TensorTrainDRM,TensorTrainDRM,
760,,sketched_dense,0.00024093366052963504,0.04468892700060678,10.0,27.0,19.0,TensorTrainDRM,TensorTrainDRM,
761,,sketched_dense,0.0003881163538000824,0.05681804099913279,10.0,28.0,0.0,TensorTrainDRM,TensorTrainDRM,
762,,sketched_dense,0.0007906462305398728,0.035212496999520226,10.0,28.0,1.0,TensorTrainDRM,TensorTrainDRM,
763,,sketched_dense,0.0003345472594293088,0.0605163279997214,10.0,28.0,2.0,TensorTrainDRM,TensorTrainDRM,
764,,sketched_dense,0.0003946033659065,0.07312123299925588,10.0,28.0,3.0,TensorTrainDRM,TensorTrainDRM,
765,,sketched_dense,0.00011614365806033383,0.03401705600117566,10.0,28.0,4.0,TensorTrainDRM,TensorTrainDRM,
766,,sketched_dense,0.00026464462667104017,0.06908365500021318,10.0,28.0,5.0,TensorTrainDRM,TensorTrainDRM,
767,,sketched_dense,0.0006854264219470941,0.03351536500122165,10.0,28.0,6.0,TensorTrainDRM,TensorTrainDRM,
768,,sketched_dense,0.0010122163378096078,0.0713182389990834,10.0,28.0,7.0,TensorTrainDRM,TensorTrainDRM,
769,,sketched_dense,0.0003619951201564823,0.034800966999682714,10.0,28.0,8.0,TensorTrainDRM,TensorTrainDRM,
770,,sketched_dense,0.00041250183095170476,0.04223751199970138,10.0,28.0,9.0,TensorTrainDRM,TensorTrainDRM,
771,,sketched_dense,0.00037800827807947973,0.05854394400012097,10.0,28.0,10.0,TensorTrainDRM,TensorTrainDRM,
772,,sketched_dense,0.00025489327270351695,0.07349459299985028,10.0,28.0,11.0,TensorTrainDRM,TensorTrainDRM,
773,,sketched_dense,0.0006748471224895205,0.06359155300015118,10.0,28.0,12.0,TensorTrainDRM,TensorTrainDRM,
774,,sketched_dense,0.00040503212285025264,0.03543123799863679,10.0,28.0,13.0,TensorTrainDRM,TensorTrainDRM,
775,,sketched_dense,0.0003403467601334727,0.049103426001238404,10.0,28.0,14.0,TensorTrainDRM,TensorTrainDRM,
776,,sketched_dense,0.00019167953591264566,0.058175873000436695,10.0,28.0,15.0,TensorTrainDRM,TensorTrainDRM,
777,,sketched_dense,0.0005248349399071935,0.0338663649999944,10.0,28.0,16.0,TensorTrainDRM,TensorTrainDRM,
778,,sketched_dense,0.00033296120422191656,0.04310887400060892,10.0,28.0,17.0,TensorTrainDRM,TensorTrainDRM,
779,,sketched_dense,0.0003165881167777299,0.05792620300053386,10.0,28.0,18.0,TensorTrainDRM,TensorTrainDRM,
780,,sketched_dense,0.0003708922192406232,0.03504953899937391,10.0,28.0,19.0,TensorTrainDRM,TensorTrainDRM,
781,,sketched_dense,0.0003788268567833624,0.03458977800073626,10.0,29.0,0.0,TensorTrainDRM,TensorTrainDRM,
782,,sketched_dense,0.00028557706646673475,0.05561425800078723,10.0,29.0,1.0,TensorTrainDRM,TensorTrainDRM,
783,,sketched_dense,0.0002750698039399678,0.06766096200044558,10.0,29.0,2.0,TensorTrainDRM,TensorTrainDRM,
784,,sketched_dense,0.0005280751373347638,0.06805877200167743,10.0,29.0,3.0,TensorTrainDRM,TensorTrainDRM,
785,,sketched_dense,0.00034419930681896965,0.04479262599852518,10.0,29.0,4.0,TensorTrainDRM,TensorTrainDRM,
786,,sketched_dense,0.00034660051550606825,0.03517526799987536,10.0,29.0,5.0,TensorTrainDRM,TensorTrainDRM,
787,,sketched_dense,0.00039758913836406023,0.03525076799996896,10.0,29.0,6.0,TensorTrainDRM,TensorTrainDRM,
788,,sketched_dense,0.00022021826610421253,0.03237493199958408,10.0,29.0,7.0,TensorTrainDRM,TensorTrainDRM,
789,,sketched_dense,0.0006972631574315896,0.039483407001171145,10.0,29.0,8.0,TensorTrainDRM,TensorTrainDRM,
790,,sketched_dense,0.00022894600967617528,0.03434956700039038,10.0,29.0,9.0,TensorTrainDRM,TensorTrainDRM,
791,,sketched_dense,0.0002593143683553016,0.03689682299955166,10.0,29.0,10.0,TensorTrainDRM,TensorTrainDRM,
792,,sketched_dense,0.0003332616714280279,0.035535087999960524,10.0,29.0,11.0,TensorTrainDRM,TensorTrainDRM,
793,,sketched_dense,0.00023762287155736875,0.0358208489997196,10.0,29.0,12.0,TensorTrainDRM,TensorTrainDRM,
794,,sketched_dense,0.00034133449861560377,0.036772380999536836,10.0,29.0,13.0,TensorTrainDRM,TensorTrainDRM,
795,,sketched_dense,0.0009533428604332972,0.033585045999643626,10.0,29.0,14.0,TensorTrainDRM,TensorTrainDRM,
796,,sketched_dense,0.00024376337273735693,0.0358160300002055,10.0,29.0,15.0,TensorTrainDRM,TensorTrainDRM,
797,,sketched_dense,0.00021028304236696315,0.03447608700116689,10.0,29.0,16.0,TensorTrainDRM,TensorTrainDRM,
798,,sketched_dense,0.0006553505119794062,0.03520384800140164,10.0,29.0,17.0,TensorTrainDRM,TensorTrainDRM,
799,,sketched_dense,0.0003754797388463524,0.034353615999862086,10.0,29.0,18.0,TensorTrainDRM,TensorTrainDRM,
800,,sketched_dense,0.00030409035356219544,0.03443333699942741,10.0,29.0,19.0,TensorTrainDRM,TensorTrainDRM,
801,,recursive_sketch,7.852803157034048e-05,0.10250145900135976,10.0,30.0,0.0,,,
802,,recursive_sketch,4.1385445172111845e-05,0.09040631500101881,10.0,30.0,1.0,,,
803,,recursive_sketch,8.080264981944823e-05,0.09943971299981058,10.0,30.0,2.0,,,
804,,recursive_sketch,4.933770259738498e-05,0.06776153199825785,10.0,30.0,3.0,,,
805,,recursive_sketch,5.8854907732345944e-05,0.11508747200059588,10.0,30.0,4.0,,,
806,,recursive_sketch,7.128461331213937e-05,0.11745248799888941,10.0,30.0,5.0,,,
807,,recursive_sketch,4.570628825384204e-05,0.11366475000068021,10.0,30.0,6.0,,,
808,,recursive_sketch,9.962281052357644e-05,0.08538130700071633,10.0,30.0,7.0,,,
809,,recursive_sketch,5.526429258084486e-05,0.06421558399961214,10.0,30.0,8.0,,,
810,,recursive_sketch,7.841128695354311e-05,0.0986352119998628,10.0,30.0,9.0,,,
811,,recursive_sketch,7.548223416253433e-05,0.06417678400066507,10.0,30.0,10.0,,,
812,,recursive_sketch,0.00010157825024817946,0.0714008279992413,10.0,30.0,11.0,,,
813,,recursive_sketch,6.6337067983256e-05,0.0838766230008332,10.0,30.0,12.0,,,
814,,recursive_sketch,5.647436468621648e-05,0.06752665100066224,10.0,30.0,13.0,,,
815,,recursive_sketch,7.426097797342099e-05,0.06783898100002261,10.0,30.0,14.0,,,
816,,recursive_sketch,8.596343136849098e-05,0.06801078199896438,10.0,30.0,15.0,,,
817,,recursive_sketch,6.37381501271438e-05,0.07033508700078528,10.0,30.0,16.0,,,
818,,recursive_sketch,8.220888162460775e-05,0.09756065900000976,10.0,30.0,17.0,,,
819,,recursive_sketch,7.804137575309644e-05,0.06809984299979988,10.0,30.0,18.0,,,
820,,recursive_sketch,7.588039237137401e-05,0.05458694500157435,10.0,30.0,19.0,,,
821,,sketched_dense,0.0006436299649209211,0.03477680699870689,10.0,30.0,0.0,TensorTrainDRM,TensorTrainDRM,
822,,sketched_dense,0.0003984679332617384,0.06735907099937322,10.0,30.0,1.0,TensorTrainDRM,TensorTrainDRM,
823,,sketched_dense,0.0005702437808347509,0.06893726399903244,10.0,30.0,2.0,TensorTrainDRM,TensorTrainDRM,
824,,sketched_dense,0.0002894453575654476,0.06879725299950223,10.0,30.0,3.0,TensorTrainDRM,TensorTrainDRM,
825,,sketched_dense,0.0003227969497607216,0.07527605500035861,10.0,30.0,4.0,TensorTrainDRM,TensorTrainDRM,
826,,sketched_dense,0.0002220388676364799,0.07430996400034928,10.0,30.0,5.0,TensorTrainDRM,TensorTrainDRM,
827,,sketched_dense,0.00032705070535573195,0.06236316100148542,10.0,30.0,6.0,TensorTrainDRM,TensorTrainDRM,
828,,sketched_dense,0.0002494854692104175,0.06365827399895352,10.0,30.0,7.0,TensorTrainDRM,TensorTrainDRM,
829,,sketched_dense,0.00034533968507427753,0.07522644599885098,10.0,30.0,8.0,TensorTrainDRM,TensorTrainDRM,
830,,sketched_dense,0.00031585077557314965,0.0642312750005658,10.0,30.0,9.0,TensorTrainDRM,TensorTrainDRM,
831,,sketched_dense,0.0008070641035902165,0.03787493299932976,10.0,30.0,10.0,TensorTrainDRM,TensorTrainDRM,
832,,sketched_dense,0.0003065346592117605,0.05838662300084252,10.0,30.0,11.0,TensorTrainDRM,TensorTrainDRM,
833,,sketched_dense,0.00036641697294540436,0.03805261399975279,10.0,30.0,12.0,TensorTrainDRM,TensorTrainDRM,
834,,sketched_dense,0.0003789888399885985,0.04793671300103597,10.0,30.0,13.0,TensorTrainDRM,TensorTrainDRM,
835,,sketched_dense,0.0006050134987103402,0.06365493300108938,10.0,30.0,14.0,TensorTrainDRM,TensorTrainDRM,
836,,sketched_dense,0.0007901632840218701,0.0752370959999098,10.0,30.0,15.0,TensorTrainDRM,TensorTrainDRM,
837,,sketched_dense,0.00021437897396480988,0.06449586499911675,10.0,30.0,16.0,TensorTrainDRM,TensorTrainDRM,
838,,sketched_dense,0.00033740522252532373,0.06954510499963362,10.0,30.0,17.0,TensorTrainDRM,TensorTrainDRM,
839,,sketched_dense,0.00027652828918285546,0.06513928599997598,10.0,30.0,18.0,TensorTrainDRM,TensorTrainDRM,
840,,sketched_dense,0.0003253297868594888,0.06474568500016176,10.0,30.0,19.0,TensorTrainDRM,TensorTrainDRM,
