,name,error,time_taken,left_rank,right_rank,tensor_rank,sketch_rank,run,error_func,rank
0,STTAx2,1.4790898298925261,0.37279851105995476,5.0,10.0,100.0,5.0,0.0,tt_error_func,
1,STTAx2,0.8058893286371533,0.36645323713310063,10.0,20.0,100.0,10.0,0.0,tt_error_func,
2,STTAx2,0.30051972059123117,0.46471625100821257,15.0,30.0,100.0,15.0,0.0,tt_error_func,
3,STTAx2,0.12270771658812875,0.4688372379168868,20.0,40.0,100.0,20.0,0.0,tt_error_func,
4,STTAx2,0.04475289348585644,0.4753272500820458,25.0,50.0,100.0,25.0,0.0,tt_error_func,
5,STTAx2,0.013429418025385043,0.5000581000931561,30.0,60.0,100.0,30.0,0.0,tt_error_func,
6,STTAx2,0.0047401065234652815,0.7024746551178396,35.0,70.0,100.0,35.0,0.0,tt_error_func,
7,STTAx2,0.0015076353186748753,0.5818963060155511,40.0,80.0,100.0,40.0,0.0,tt_error_func,
8,STTAx2,0.00039627721527093595,0.6234183991327882,45.0,90.0,100.0,45.0,0.0,tt_error_func,
9,STTAx2,0.00016385139222900499,0.7584415960591286,50.0,100.0,100.0,50.0,0.0,tt_error_func,
10,STTAx2,4.914242159187833e-05,0.7516415370628238,55.0,110.0,100.0,55.0,0.0,tt_error_func,
11,STTAx2,1.4696604514618576e-05,0.826641715830192,60.0,120.0,100.0,60.0,0.0,tt_error_func,
12,STTAx2,4.737678576210748e-06,0.8308740919455886,65.0,130.0,100.0,65.0,0.0,tt_error_func,
13,STTAx2,1.525615568424668e-06,0.8224626509472728,70.0,140.0,100.0,70.0,0.0,tt_error_func,
14,STTAx2,4.540415896541583e-07,1.3101769988425076,75.0,150.0,100.0,75.0,0.0,tt_error_func,
15,STTAx2,1.4510032040100363e-07,1.1361864139325917,80.0,160.0,100.0,80.0,0.0,tt_error_func,
16,STTAx2,5.8055370777726175e-08,0.9947024451103061,85.0,170.0,100.0,85.0,0.0,tt_error_func,
17,STTAx2,1.356227439301956e-08,0.9997040550224483,90.0,180.0,100.0,90.0,0.0,tt_error_func,
18,STTAx2,3.6431151207415495e-09,1.1694554700516164,95.0,190.0,100.0,95.0,0.0,tt_error_func,
19,STTAx2,5.227936457355455e-13,1.09885239508003,100.0,200.0,100.0,100.0,0.0,tt_error_func,
20,STTAx2,1.5072465732479203,0.3179940900299698,5.0,10.0,100.0,5.0,1.0,tt_error_func,
21,STTAx2,0.7626382791772595,0.4132979051209986,10.0,20.0,100.0,10.0,1.0,tt_error_func,
22,STTAx2,0.2921588394277713,0.4608470741659403,15.0,30.0,100.0,15.0,1.0,tt_error_func,
23,STTAx2,0.11829240508214425,0.49958183499984443,20.0,40.0,100.0,20.0,1.0,tt_error_func,
24,STTAx2,0.044250861048858454,0.48016983503475785,25.0,50.0,100.0,25.0,1.0,tt_error_func,
25,STTAx2,0.013644233331223039,0.6623534439131618,30.0,60.0,100.0,30.0,1.0,tt_error_func,
26,STTAx2,0.004528726042938548,0.7426085800398141,35.0,70.0,100.0,35.0,1.0,tt_error_func,
27,STTAx2,0.0013048193833265058,0.5647032011765987,40.0,80.0,100.0,40.0,1.0,tt_error_func,
28,STTAx2,0.00043567539855225896,0.7064159358851612,45.0,90.0,100.0,45.0,1.0,tt_error_func,
29,STTAx2,0.00013915358877261556,0.6427464168518782,50.0,100.0,100.0,50.0,1.0,tt_error_func,
30,STTAx2,4.775708515165358e-05,0.8170780488289893,55.0,110.0,100.0,55.0,1.0,tt_error_func,
31,STTAx2,1.311490420885409e-05,0.9868749440647662,60.0,120.0,100.0,60.0,1.0,tt_error_func,
32,STTAx2,4.901651414650774e-06,0.825346163008362,65.0,130.0,100.0,65.0,1.0,tt_error_func,
33,STTAx2,1.4798423932177249e-06,0.8079718749504536,70.0,140.0,100.0,70.0,1.0,tt_error_func,
34,STTAx2,4.74335893342711e-07,0.9158399309962988,75.0,150.0,100.0,75.0,1.0,tt_error_func,
35,STTAx2,1.503143952914857e-07,0.9185242138337344,80.0,160.0,100.0,80.0,1.0,tt_error_func,
36,STTAx2,5.454137630132666e-08,1.1851588708814234,85.0,170.0,100.0,85.0,1.0,tt_error_func,
37,STTAx2,1.6219381759150927e-08,1.0241583900060505,90.0,180.0,100.0,90.0,1.0,tt_error_func,
38,STTAx2,4.360382652349499e-09,1.3328166180290282,95.0,190.0,100.0,95.0,1.0,tt_error_func,
39,STTAx2,2.971597293548602e-13,1.140509330201894,100.0,200.0,100.0,100.0,1.0,tt_error_func,
40,STTAx2,1.4199224164935993,0.34802772803232074,5.0,10.0,100.0,5.0,2.0,tt_error_func,
41,STTAx2,0.8764204454037103,0.3913693940266967,10.0,20.0,100.0,10.0,2.0,tt_error_func,
42,STTAx2,0.38283855441691056,0.6921516789589077,15.0,30.0,100.0,15.0,2.0,tt_error_func,
43,STTAx2,0.11083328029327383,0.4594746408984065,20.0,40.0,100.0,20.0,2.0,tt_error_func,
44,STTAx2,0.04517085748715251,0.6008271081373096,25.0,50.0,100.0,25.0,2.0,tt_error_func,
45,STTAx2,0.01238685349379134,0.5417725809384137,30.0,60.0,100.0,30.0,2.0,tt_error_func,
46,STTAx2,0.003745300510016288,0.6133491869550198,35.0,70.0,100.0,35.0,2.0,tt_error_func,
47,STTAx2,0.001377933326364294,0.6141348809469491,40.0,80.0,100.0,40.0,2.0,tt_error_func,
48,STTAx2,0.0004408645779011738,0.6177224088460207,45.0,90.0,100.0,45.0,2.0,tt_error_func,
49,STTAx2,0.0001332434070706279,0.7595907719805837,50.0,100.0,100.0,50.0,2.0,tt_error_func,
50,STTAx2,4.648675862550793e-05,0.7230163661297411,55.0,110.0,100.0,55.0,2.0,tt_error_func,
51,STTAx2,1.5973159924509952e-05,0.7401079048868269,60.0,120.0,100.0,60.0,2.0,tt_error_func,
52,STTAx2,4.193914361111785e-06,0.9362751729786396,65.0,130.0,100.0,65.0,2.0,tt_error_func,
53,STTAx2,1.5910614054999468e-06,0.8935060009825975,70.0,140.0,100.0,70.0,2.0,tt_error_func,
54,STTAx2,4.909884690552769e-07,1.0486498209647834,75.0,150.0,100.0,75.0,2.0,tt_error_func,
55,STTAx2,1.7759504921362607e-07,0.9172388729639351,80.0,160.0,100.0,80.0,2.0,tt_error_func,
56,STTAx2,4.782745755818556e-08,1.1263284960296005,85.0,170.0,100.0,85.0,2.0,tt_error_func,
57,STTAx2,1.5018326120733926e-08,1.0666941560339183,90.0,180.0,100.0,90.0,2.0,tt_error_func,
58,STTAx2,4.122824021826766e-09,1.0805615719873458,95.0,190.0,100.0,95.0,2.0,tt_error_func,
59,STTAx2,6.517462455625682e-12,1.164196436991915,100.0,200.0,100.0,100.0,2.0,tt_error_func,
60,STTAx2,1.409943142048484,0.3222669339738786,5.0,10.0,100.0,5.0,3.0,tt_error_func,
61,STTAx2,0.8182668064784862,0.4141710721887648,10.0,20.0,100.0,10.0,3.0,tt_error_func,
62,STTAx2,0.30963740827317776,0.4869103501550853,15.0,30.0,100.0,15.0,3.0,tt_error_func,
63,STTAx2,0.10571958247023654,0.504949799971655,20.0,40.0,100.0,20.0,3.0,tt_error_func,
64,STTAx2,0.04052355053114206,0.5012630329001695,25.0,50.0,100.0,25.0,3.0,tt_error_func,
65,STTAx2,0.012546869454138418,0.514234347967431,30.0,60.0,100.0,30.0,3.0,tt_error_func,
66,STTAx2,0.0038259522593670687,0.7975057160947472,35.0,70.0,100.0,35.0,3.0,tt_error_func,
67,STTAx2,0.0013790143469014453,0.5598917889874429,40.0,80.0,100.0,40.0,3.0,tt_error_func,
68,STTAx2,0.00046893467852759756,0.7728168531320989,45.0,90.0,100.0,45.0,3.0,tt_error_func,
69,STTAx2,0.0001380501075324031,0.6360194401349872,50.0,100.0,100.0,50.0,3.0,tt_error_func,
70,STTAx2,5.388497225115343e-05,0.7853469380643219,55.0,110.0,100.0,55.0,3.0,tt_error_func,
71,STTAx2,1.5111067759619465e-05,0.762655365979299,60.0,120.0,100.0,60.0,3.0,tt_error_func,
72,STTAx2,4.863795122601442e-06,0.8617745460942388,65.0,130.0,100.0,65.0,3.0,tt_error_func,
73,STTAx2,1.3438936939071842e-06,0.9794166060164571,70.0,140.0,100.0,70.0,3.0,tt_error_func,
74,STTAx2,5.322359124561833e-07,0.9499741729814559,75.0,150.0,100.0,75.0,3.0,tt_error_func,
75,STTAx2,1.660497798342949e-07,1.0338143620174378,80.0,160.0,100.0,80.0,3.0,tt_error_func,
76,STTAx2,4.613665953530823e-08,0.9151374720968306,85.0,170.0,100.0,85.0,3.0,tt_error_func,
77,STTAx2,1.5488280868985996e-08,1.0249628850724548,90.0,180.0,100.0,90.0,3.0,tt_error_func,
78,STTAx2,5.700528836929315e-09,1.2046084781177342,95.0,190.0,100.0,95.0,3.0,tt_error_func,
79,STTAx2,9.575154830104366e-12,1.12797292903997,100.0,200.0,100.0,100.0,3.0,tt_error_func,
80,STTAx2,1.4009125439832353,0.37226312793791294,5.0,10.0,100.0,5.0,4.0,tt_error_func,
81,STTAx2,0.721633005782135,0.4271629839204252,10.0,20.0,100.0,10.0,4.0,tt_error_func,
82,STTAx2,0.3234723490843514,0.4204650679603219,15.0,30.0,100.0,15.0,4.0,tt_error_func,
83,STTAx2,0.12077969839273296,0.5294333891943097,20.0,40.0,100.0,20.0,4.0,tt_error_func,
84,STTAx2,0.035859244627654614,0.5601451620459557,25.0,50.0,100.0,25.0,4.0,tt_error_func,
85,STTAx2,0.013428866971097604,0.5790953328832984,30.0,60.0,100.0,30.0,4.0,tt_error_func,
86,STTAx2,0.004147177154797515,0.6866146589163691,35.0,70.0,100.0,35.0,4.0,tt_error_func,
87,STTAx2,0.0014667154272229655,0.548993726959452,40.0,80.0,100.0,40.0,4.0,tt_error_func,
88,STTAx2,0.00048212263513769285,0.7305360219907016,45.0,90.0,100.0,45.0,4.0,tt_error_func,
89,STTAx2,0.000123848963857422,0.6471275868825614,50.0,100.0,100.0,50.0,4.0,tt_error_func,
90,STTAx2,4.808947674234776e-05,0.7097130150068551,55.0,110.0,100.0,55.0,4.0,tt_error_func,
91,STTAx2,1.571187731870481e-05,0.6850739060901105,60.0,120.0,100.0,60.0,4.0,tt_error_func,
92,STTAx2,5.421891545781242e-06,0.8421235159039497,65.0,130.0,100.0,65.0,4.0,tt_error_func,
93,STTAx2,1.4258549430874256e-06,0.9923647579271346,70.0,140.0,100.0,70.0,4.0,tt_error_func,
94,STTAx2,5.844422829318353e-07,0.9872349081560969,75.0,150.0,100.0,75.0,4.0,tt_error_func,
95,STTAx2,1.4560964180878312e-07,0.9217003469821066,80.0,160.0,100.0,80.0,4.0,tt_error_func,
96,STTAx2,4.0371971812119606e-08,1.0989540319424123,85.0,170.0,100.0,85.0,4.0,tt_error_func,
97,STTAx2,1.760408129157319e-08,1.1197198890149593,90.0,180.0,100.0,90.0,4.0,tt_error_func,
98,STTAx2,4.312745965314752e-09,1.2533893010113388,95.0,190.0,100.0,95.0,4.0,tt_error_func,
99,STTAx2,2.3200152421604678e-12,1.253582527860999,100.0,200.0,100.0,100.0,4.0,tt_error_func,
100,STTAx2,2.8764702149663637,0.3546395469456911,5.0,10.0,100.0,5.0,5.0,tt_error_func,
101,STTAx2,0.8281088032758547,0.450351492036134,10.0,20.0,100.0,10.0,5.0,tt_error_func,
102,STTAx2,0.3362814134221708,0.488949605030939,15.0,30.0,100.0,15.0,5.0,tt_error_func,
103,STTAx2,0.11178313503920051,0.4483233508653939,20.0,40.0,100.0,20.0,5.0,tt_error_func,
104,STTAx2,0.04558827795089165,0.49711227510124445,25.0,50.0,100.0,25.0,5.0,tt_error_func,
105,STTAx2,0.01425007841771953,0.5472358658444136,30.0,60.0,100.0,30.0,5.0,tt_error_func,
106,STTAx2,0.003993780792905091,0.5280777930747718,35.0,70.0,100.0,35.0,5.0,tt_error_func,
107,STTAx2,0.0014348602689639033,0.6588640548288822,40.0,80.0,100.0,40.0,5.0,tt_error_func,
108,STTAx2,0.0005180557950812873,0.6926896010991186,45.0,90.0,100.0,45.0,5.0,tt_error_func,
109,STTAx2,0.00015600575621634076,0.8534428651910275,50.0,100.0,100.0,50.0,5.0,tt_error_func,
110,STTAx2,5.11322081138702e-05,0.8092264360748231,55.0,110.0,100.0,55.0,5.0,tt_error_func,
111,STTAx2,1.362968937839039e-05,0.7898668251000345,60.0,120.0,100.0,60.0,5.0,tt_error_func,
112,STTAx2,4.6149049998080174e-06,0.864149620058015,65.0,130.0,100.0,65.0,5.0,tt_error_func,
113,STTAx2,1.3702216983674014e-06,0.8040359590668231,70.0,140.0,100.0,70.0,5.0,tt_error_func,
114,STTAx2,4.559651250982425e-07,1.0237888570409268,75.0,150.0,100.0,75.0,5.0,tt_error_func,
115,STTAx2,1.2831621263109595e-07,1.0087745420169085,80.0,160.0,100.0,80.0,5.0,tt_error_func,
116,STTAx2,3.943080618666865e-08,1.0450288800057024,85.0,170.0,100.0,85.0,5.0,tt_error_func,
117,STTAx2,1.5688017447984066e-08,1.1093584368936718,90.0,180.0,100.0,90.0,5.0,tt_error_func,
118,STTAx2,4.084978613520117e-09,1.06632075808011,95.0,190.0,100.0,95.0,5.0,tt_error_func,
119,STTAx2,2.483379008196957e-12,1.1658817729912698,100.0,200.0,100.0,100.0,5.0,tt_error_func,
120,STTAx2,1.612087299606811,0.377091082977131,5.0,10.0,100.0,5.0,6.0,tt_error_func,
121,STTAx2,0.8782894398674356,0.38170809810981154,10.0,20.0,100.0,10.0,6.0,tt_error_func,
122,STTAx2,0.29975152596396765,0.44217494199983776,15.0,30.0,100.0,15.0,6.0,tt_error_func,
123,STTAx2,0.13094719521248568,0.44644521409645677,20.0,40.0,100.0,20.0,6.0,tt_error_func,
124,STTAx2,0.035254268370913326,0.5363769449759275,25.0,50.0,100.0,25.0,6.0,tt_error_func,
125,STTAx2,0.012880717254797946,0.5206356700509787,30.0,60.0,100.0,30.0,6.0,tt_error_func,
126,STTAx2,0.0038348645804777357,0.5826464041601866,35.0,70.0,100.0,35.0,6.0,tt_error_func,
127,STTAx2,0.0015962944368949764,0.7383989959489554,40.0,80.0,100.0,40.0,6.0,tt_error_func,
128,STTAx2,0.00042187425307648444,0.635238051880151,45.0,90.0,100.0,45.0,6.0,tt_error_func,
129,STTAx2,0.0001649246376719286,0.7388626539614052,50.0,100.0,100.0,50.0,6.0,tt_error_func,
130,STTAx2,4.346716154245684e-05,0.769581503001973,55.0,110.0,100.0,55.0,6.0,tt_error_func,
131,STTAx2,1.5526123585599162e-05,0.8044994929805398,60.0,120.0,100.0,60.0,6.0,tt_error_func,
132,STTAx2,4.436702470575921e-06,0.9618945680558681,65.0,130.0,100.0,65.0,6.0,tt_error_func,
133,STTAx2,1.5291282178775955e-06,0.8064967021346092,70.0,140.0,100.0,70.0,6.0,tt_error_func,
134,STTAx2,4.7272173492671546e-07,0.9825200270861387,75.0,150.0,100.0,75.0,6.0,tt_error_func,
135,STTAx2,1.4761474465286233e-07,0.9531455698888749,80.0,160.0,100.0,80.0,6.0,tt_error_func,
136,STTAx2,4.539395719472411e-08,0.9515688770916313,85.0,170.0,100.0,85.0,6.0,tt_error_func,
137,STTAx2,1.4246953959862317e-08,1.2197817680425942,90.0,180.0,100.0,90.0,6.0,tt_error_func,
138,STTAx2,4.00251981574864e-09,1.0951170560438186,95.0,190.0,100.0,95.0,6.0,tt_error_func,
139,STTAx2,1.837878838437018e-11,1.0910922058392316,100.0,200.0,100.0,100.0,6.0,tt_error_func,
140,STTAx2,1.41435958853025,0.5373722538352013,5.0,10.0,100.0,5.0,7.0,tt_error_func,
141,STTAx2,0.9274213437024523,0.4061944200657308,10.0,20.0,100.0,10.0,7.0,tt_error_func,
142,STTAx2,0.32412331598339017,0.4330653678625822,15.0,30.0,100.0,15.0,7.0,tt_error_func,
143,STTAx2,0.12147900575417932,0.5094074131920934,20.0,40.0,100.0,20.0,7.0,tt_error_func,
144,STTAx2,0.043754467517177105,0.5190983130596578,25.0,50.0,100.0,25.0,7.0,tt_error_func,
145,STTAx2,0.014307060027587592,0.5430572379846126,30.0,60.0,100.0,30.0,7.0,tt_error_func,
146,STTAx2,0.003949833761210596,0.8575362309347838,35.0,70.0,100.0,35.0,7.0,tt_error_func,
147,STTAx2,0.0014811365716834082,0.6580565772019327,40.0,80.0,100.0,40.0,7.0,tt_error_func,
148,STTAx2,0.00038975053843789433,0.6230591360945255,45.0,90.0,100.0,45.0,7.0,tt_error_func,
149,STTAx2,0.00017030677892387617,0.8151339450851083,50.0,100.0,100.0,50.0,7.0,tt_error_func,
150,STTAx2,4.872361395812305e-05,0.7312543571460992,55.0,110.0,100.0,55.0,7.0,tt_error_func,
151,STTAx2,1.4325053603379665e-05,0.8003393649123609,60.0,120.0,100.0,60.0,7.0,tt_error_func,
152,STTAx2,5.624220758374582e-06,0.9483335870318115,65.0,130.0,100.0,65.0,7.0,tt_error_func,
153,STTAx2,1.6406190101004375e-06,0.834776263916865,70.0,140.0,100.0,70.0,7.0,tt_error_func,
154,STTAx2,4.6572010193503746e-07,1.2836325198877603,75.0,150.0,100.0,75.0,7.0,tt_error_func,
155,STTAx2,1.66653922680058e-07,0.9362983091268688,80.0,160.0,100.0,80.0,7.0,tt_error_func,
156,STTAx2,4.6572647974500394e-08,1.0213911589235067,85.0,170.0,100.0,85.0,7.0,tt_error_func,
157,STTAx2,1.6726170216102475e-08,0.9774910509586334,90.0,180.0,100.0,90.0,7.0,tt_error_func,
158,STTAx2,5.286394006682574e-09,1.1931523729581386,95.0,190.0,100.0,95.0,7.0,tt_error_func,
159,STTAx2,3.5476429649738954e-12,1.3130433920305222,100.0,200.0,100.0,100.0,7.0,tt_error_func,
160,STTAx2,1.1841568259865407,0.36102117598056793,5.0,10.0,100.0,5.0,8.0,tt_error_func,
161,STTAx2,0.7429703429966212,0.40046453988179564,10.0,20.0,100.0,10.0,8.0,tt_error_func,
162,STTAx2,0.30444769292735446,0.4291437428910285,15.0,30.0,100.0,15.0,8.0,tt_error_func,
163,STTAx2,0.1112548588335497,0.5089313639327884,20.0,40.0,100.0,20.0,8.0,tt_error_func,
164,STTAx2,0.03876692716360753,0.557353219948709,25.0,50.0,100.0,25.0,8.0,tt_error_func,
165,STTAx2,0.012221033967022385,0.5387736549600959,30.0,60.0,100.0,30.0,8.0,tt_error_func,
166,STTAx2,0.004560656170668412,0.6550876710098237,35.0,70.0,100.0,35.0,8.0,tt_error_func,
167,STTAx2,0.0015424562215217144,0.6282617698889226,40.0,80.0,100.0,40.0,8.0,tt_error_func,
168,STTAx2,0.0004354968016018287,0.7171610589139163,45.0,90.0,100.0,45.0,8.0,tt_error_func,
169,STTAx2,0.00014995732878253802,0.7125223339535296,50.0,100.0,100.0,50.0,8.0,tt_error_func,
170,STTAx2,4.260569357549919e-05,0.6611381229013205,55.0,110.0,100.0,55.0,8.0,tt_error_func,
171,STTAx2,1.4970937557577497e-05,1.086484869942069,60.0,120.0,100.0,60.0,8.0,tt_error_func,
172,STTAx2,4.8347330951974814e-06,0.9561041409615427,65.0,130.0,100.0,65.0,8.0,tt_error_func,
173,STTAx2,1.3849909667896337e-06,1.0026006910484284,70.0,140.0,100.0,70.0,8.0,tt_error_func,
174,STTAx2,5.544549962726927e-07,0.8977670490276068,75.0,150.0,100.0,75.0,8.0,tt_error_func,
175,STTAx2,1.6071913671164822e-07,0.9707106628920883,80.0,160.0,100.0,80.0,8.0,tt_error_func,
176,STTAx2,4.499525928109208e-08,1.024376102956012,85.0,170.0,100.0,85.0,8.0,tt_error_func,
177,STTAx2,1.560479239217777e-08,1.0217533509712666,90.0,180.0,100.0,90.0,8.0,tt_error_func,
178,STTAx2,4.745330453002067e-09,1.2937462870031595,95.0,190.0,100.0,95.0,8.0,tt_error_func,
179,STTAx2,1.6265143135042358e-12,1.1131856620777398,100.0,200.0,100.0,100.0,8.0,tt_error_func,
180,STTAx2,1.3141167459797514,0.35377150611020625,5.0,10.0,100.0,5.0,9.0,tt_error_func,
181,STTAx2,0.7341701151112574,0.38563383813016117,10.0,20.0,100.0,10.0,9.0,tt_error_func,
182,STTAx2,0.294042045693384,0.4723060829564929,15.0,30.0,100.0,15.0,9.0,tt_error_func,
183,STTAx2,0.11948196572342065,0.47232783306390047,20.0,40.0,100.0,20.0,9.0,tt_error_func,
184,STTAx2,0.04041387914984941,0.503144291928038,25.0,50.0,100.0,25.0,9.0,tt_error_func,
185,STTAx2,0.011670165514366398,0.4950692530255765,30.0,60.0,100.0,30.0,9.0,tt_error_func,
186,STTAx2,0.00502888109770306,0.5517096710391343,35.0,70.0,100.0,35.0,9.0,tt_error_func,
187,STTAx2,0.0013223649264586883,0.592096792999655,40.0,80.0,100.0,40.0,9.0,tt_error_func,
188,STTAx2,0.00046124006015366094,0.6877101401332766,45.0,90.0,100.0,45.0,9.0,tt_error_func,
189,STTAx2,0.0001666101768032789,0.6382452449761331,50.0,100.0,100.0,50.0,9.0,tt_error_func,
190,STTAx2,4.5920021953167956e-05,0.704574161907658,55.0,110.0,100.0,55.0,9.0,tt_error_func,
191,STTAx2,1.3425964331156831e-05,0.9144757320173085,60.0,120.0,100.0,60.0,9.0,tt_error_func,
192,STTAx2,4.126880449221503e-06,0.894853999838233,65.0,130.0,100.0,65.0,9.0,tt_error_func,
193,STTAx2,1.6498381096512272e-06,0.8993230280466378,70.0,140.0,100.0,70.0,9.0,tt_error_func,
194,STTAx2,4.3078890809490577e-07,0.9727132439147681,75.0,150.0,100.0,75.0,9.0,tt_error_func,
195,STTAx2,1.2595122993778837e-07,0.9638272589072585,80.0,160.0,100.0,80.0,9.0,tt_error_func,
196,STTAx2,4.2629425270452654e-08,1.0053076720796525,85.0,170.0,100.0,85.0,9.0,tt_error_func,
197,STTAx2,1.4368863187690607e-08,1.430662329075858,90.0,180.0,100.0,90.0,9.0,tt_error_func,
198,STTAx2,4.372124949670858e-09,1.159801754169166,95.0,190.0,100.0,95.0,9.0,tt_error_func,
199,STTAx2,3.351201978006614e-13,1.3930566899944097,100.0,200.0,100.0,100.0,9.0,tt_error_func,
200,STTA+3,1.5117462237468913,0.3628389041405171,5.0,8.0,100.0,5.0,0.0,tt_error_func,
201,STTA+3,1.7430154562587121,0.337049342924729,10.0,13.0,100.0,10.0,0.0,tt_error_func,
202,STTA+3,0.8128764215230336,0.504186769016087,15.0,18.0,100.0,15.0,0.0,tt_error_func,
203,STTA+3,0.269038488447932,0.48488269513472915,20.0,23.0,100.0,20.0,0.0,tt_error_func,
204,STTA+3,0.08111945047824756,0.5859502381645143,25.0,28.0,100.0,25.0,0.0,tt_error_func,
205,STTA+3,0.028388456596451787,0.5170111740007997,30.0,33.0,100.0,30.0,0.0,tt_error_func,
206,STTA+3,0.010982633555815358,0.5217394079081714,35.0,38.0,100.0,35.0,0.0,tt_error_func,
207,STTA+3,0.004043218317874036,0.6164081739261746,40.0,43.0,100.0,40.0,0.0,tt_error_func,
208,STTA+3,0.0014942025172545435,0.6904070691671222,45.0,48.0,100.0,45.0,0.0,tt_error_func,
209,STTA+3,0.0004583759773652676,0.7665776328649372,50.0,53.0,100.0,50.0,0.0,tt_error_func,
210,STTA+3,0.00016725076923782475,0.5518906570505351,55.0,58.0,100.0,55.0,0.0,tt_error_func,
211,STTA+3,4.472182119600848e-05,0.6068430671002716,60.0,63.0,100.0,60.0,0.0,tt_error_func,
212,STTA+3,1.880942977916971e-05,0.7373761979397386,65.0,68.0,100.0,65.0,0.0,tt_error_func,
213,STTA+3,7.397094319210636e-06,0.713714046170935,70.0,73.0,100.0,70.0,0.0,tt_error_func,
214,STTA+3,2.307930611116265e-06,0.8907333761453629,75.0,78.0,100.0,75.0,0.0,tt_error_func,
215,STTA+3,1.0157042481655492e-06,0.706885812105611,80.0,83.0,100.0,80.0,0.0,tt_error_func,
216,STTA+3,2.2148155148484238e-07,0.7442702678963542,85.0,88.0,100.0,85.0,0.0,tt_error_func,
217,STTA+3,7.617511226891594e-08,0.8164336842019111,90.0,93.0,100.0,90.0,0.0,tt_error_func,
218,STTA+3,2.11852777272638e-08,0.940789092797786,95.0,98.0,100.0,95.0,0.0,tt_error_func,
219,STTA+3,1.5170131841281693e-12,0.9364452450536191,100.0,103.0,100.0,100.0,0.0,tt_error_func,
220,STTA+3,2.528384694648232,0.31719613214954734,5.0,8.0,100.0,5.0,1.0,tt_error_func,
221,STTA+3,1.1910565980081202,0.3939740068744868,10.0,13.0,100.0,10.0,1.0,tt_error_func,
222,STTA+3,0.6435289038523431,0.4860112250316888,15.0,18.0,100.0,15.0,1.0,tt_error_func,
223,STTA+3,0.24922071996912773,0.4508144420105964,20.0,23.0,100.0,20.0,1.0,tt_error_func,
224,STTA+3,0.09429205267053749,0.4527935029473156,25.0,28.0,100.0,25.0,1.0,tt_error_func,
225,STTA+3,0.030218883245344646,0.5497774339746684,30.0,33.0,100.0,30.0,1.0,tt_error_func,
226,STTA+3,0.012720372676812494,0.5429552169516683,35.0,38.0,100.0,35.0,1.0,tt_error_func,
227,STTA+3,0.005010826043803676,0.6424973858520389,40.0,43.0,100.0,40.0,1.0,tt_error_func,
228,STTA+3,0.002378991229248053,0.6547546980436891,45.0,48.0,100.0,45.0,1.0,tt_error_func,
229,STTA+3,0.000544717942684559,0.7962741928640753,50.0,53.0,100.0,50.0,1.0,tt_error_func,
230,STTA+3,0.0002063207631953842,0.7184886878821999,55.0,58.0,100.0,55.0,1.0,tt_error_func,
231,STTA+3,7.129070197143975e-05,0.5740121309645474,60.0,63.0,100.0,60.0,1.0,tt_error_func,
232,STTA+3,1.6016457546552757e-05,0.6708099541720003,65.0,68.0,100.0,65.0,1.0,tt_error_func,
233,STTA+3,6.745476538813253e-06,0.7066181909758598,70.0,73.0,100.0,70.0,1.0,tt_error_func,
234,STTA+3,2.234643990873857e-06,0.8301242180168629,75.0,78.0,100.0,75.0,1.0,tt_error_func,
235,STTA+3,6.622566323235607e-07,0.7180192170199007,80.0,83.0,100.0,80.0,1.0,tt_error_func,
236,STTA+3,1.8664188153151265e-07,0.7265144160483032,85.0,88.0,100.0,85.0,1.0,tt_error_func,
237,STTA+3,1.0743822226838846e-07,0.8905174019746482,90.0,93.0,100.0,90.0,1.0,tt_error_func,
238,STTA+3,2.0615587256178588e-08,0.8305085969623178,95.0,98.0,100.0,95.0,1.0,tt_error_func,
239,STTA+3,5.955320980695858e-11,0.9755274790804833,100.0,103.0,100.0,100.0,1.0,tt_error_func,
240,STTA+3,1.5330520129014569,0.3196532540023327,5.0,8.0,100.0,5.0,2.0,tt_error_func,
241,STTA+3,1.75800513640586,0.36962850694544613,10.0,13.0,100.0,10.0,2.0,tt_error_func,
242,STTA+3,0.5915433793820962,0.44408964505419135,15.0,18.0,100.0,15.0,2.0,tt_error_func,
243,STTA+3,0.2630663867464257,0.4208130540791899,20.0,23.0,100.0,20.0,2.0,tt_error_func,
244,STTA+3,0.08049701250409132,0.4459272148087621,25.0,28.0,100.0,25.0,2.0,tt_error_func,
245,STTA+3,0.039236939982312286,0.5504512281622738,30.0,33.0,100.0,30.0,2.0,tt_error_func,
246,STTA+3,0.010258788232854062,0.588580016978085,35.0,38.0,100.0,35.0,2.0,tt_error_func,
247,STTA+3,0.003603754673824432,0.5579382330179214,40.0,43.0,100.0,40.0,2.0,tt_error_func,
248,STTA+3,0.0015051175982655602,0.594779800157994,45.0,48.0,100.0,45.0,2.0,tt_error_func,
249,STTA+3,0.0005154142764679727,0.7120166120585054,50.0,53.0,100.0,50.0,2.0,tt_error_func,
250,STTA+3,0.00019349744159066892,0.6147762360051274,55.0,58.0,100.0,55.0,2.0,tt_error_func,
251,STTA+3,5.3240116081004996e-05,0.6190468650311232,60.0,63.0,100.0,60.0,2.0,tt_error_func,
252,STTA+3,2.158565157505574e-05,0.6300901989452541,65.0,68.0,100.0,65.0,2.0,tt_error_func,
253,STTA+3,5.125369582257491e-06,0.7392616390716285,70.0,73.0,100.0,70.0,2.0,tt_error_func,
254,STTA+3,1.6041621868322316e-06,0.9318336888682097,75.0,78.0,100.0,75.0,2.0,tt_error_func,
255,STTA+3,6.868283485959905e-07,0.7360780178569257,80.0,83.0,100.0,80.0,2.0,tt_error_func,
256,STTA+3,2.1613594494889613e-07,0.8310605920851231,85.0,88.0,100.0,85.0,2.0,tt_error_func,
257,STTA+3,6.121054141975143e-08,0.8349403629545122,90.0,93.0,100.0,90.0,2.0,tt_error_func,
258,STTA+3,1.9208667051056827e-08,0.8607637488748878,95.0,98.0,100.0,95.0,2.0,tt_error_func,
259,STTA+3,6.52797125034269e-11,0.9677513448987156,100.0,103.0,100.0,100.0,2.0,tt_error_func,
260,STTA+3,6.704277633592109,0.42634273902513087,5.0,8.0,100.0,5.0,3.0,tt_error_func,
261,STTA+3,1.2251591730195839,0.37996963295154274,10.0,13.0,100.0,10.0,3.0,tt_error_func,
262,STTA+3,0.5812348506641198,0.36438725306652486,15.0,18.0,100.0,15.0,3.0,tt_error_func,
263,STTA+3,0.19161113556562975,0.42989611509256065,20.0,23.0,100.0,20.0,3.0,tt_error_func,
264,STTA+3,0.11905827682068737,0.5505201201885939,25.0,28.0,100.0,25.0,3.0,tt_error_func,
265,STTA+3,0.03135516480631009,0.44663348607718945,30.0,33.0,100.0,30.0,3.0,tt_error_func,
266,STTA+3,0.021061081941768527,0.6258987102191895,35.0,38.0,100.0,35.0,3.0,tt_error_func,
267,STTA+3,0.004954340582823692,0.6043155761435628,40.0,43.0,100.0,40.0,3.0,tt_error_func,
268,STTA+3,0.0014154108730715762,0.7480082209222019,45.0,48.0,100.0,45.0,3.0,tt_error_func,
269,STTA+3,0.0004546212424927212,0.8615398639813066,50.0,53.0,100.0,50.0,3.0,tt_error_func,
270,STTA+3,0.00025664258901345516,0.5885331179015338,55.0,58.0,100.0,55.0,3.0,tt_error_func,
271,STTA+3,6.103127930672561e-05,0.5892006510403007,60.0,63.0,100.0,60.0,3.0,tt_error_func,
272,STTA+3,1.3115241463226122e-05,0.7538180861156434,65.0,68.0,100.0,65.0,3.0,tt_error_func,
273,STTA+3,6.789019113476451e-06,0.6896304201800376,70.0,73.0,100.0,70.0,3.0,tt_error_func,
274,STTA+3,2.13338640537939e-06,0.7164437528699636,75.0,78.0,100.0,75.0,3.0,tt_error_func,
275,STTA+3,6.263993439175152e-07,0.7594556421972811,80.0,83.0,100.0,80.0,3.0,tt_error_func,
276,STTA+3,2.268207258536856e-07,0.7514290970284492,85.0,88.0,100.0,85.0,3.0,tt_error_func,
277,STTA+3,5.991866237550688e-08,0.8614695169962943,90.0,93.0,100.0,90.0,3.0,tt_error_func,
278,STTA+3,1.8857864423664488e-08,0.8760662449058145,95.0,98.0,100.0,95.0,3.0,tt_error_func,
279,STTA+3,9.43167244879442e-13,0.8589357410091907,100.0,103.0,100.0,100.0,3.0,tt_error_func,
280,STTA+3,4.791118761475839,0.32891923002898693,5.0,8.0,100.0,5.0,4.0,tt_error_func,
281,STTA+3,2.1980970294974544,0.4684975950513035,10.0,13.0,100.0,10.0,4.0,tt_error_func,
282,STTA+3,0.5083106609878234,0.45188426482491195,15.0,18.0,100.0,15.0,4.0,tt_error_func,
283,STTA+3,0.2596639884268537,0.4202100590337068,20.0,23.0,100.0,20.0,4.0,tt_error_func,
284,STTA+3,0.08372392780402359,0.49571996205486357,25.0,28.0,100.0,25.0,4.0,tt_error_func,
285,STTA+3,0.03753868537823074,0.4720532700885087,30.0,33.0,100.0,30.0,4.0,tt_error_func,
286,STTA+3,0.01102441510418911,0.5762805659323931,35.0,38.0,100.0,35.0,4.0,tt_error_func,
287,STTA+3,0.00616926035862207,0.5519046608824283,40.0,43.0,100.0,40.0,4.0,tt_error_func,
288,STTA+3,0.001395512895937218,0.5672116661444306,45.0,48.0,100.0,45.0,4.0,tt_error_func,
289,STTA+3,0.0004678190048276158,0.6909682860132307,50.0,53.0,100.0,50.0,4.0,tt_error_func,
290,STTA+3,0.00023135101308324857,0.5753588078077883,55.0,58.0,100.0,55.0,4.0,tt_error_func,
291,STTA+3,4.21382823399504e-05,0.5800889020320028,60.0,63.0,100.0,60.0,4.0,tt_error_func,
292,STTA+3,2.31965637006552e-05,0.8283611522056162,65.0,68.0,100.0,65.0,4.0,tt_error_func,
293,STTA+3,5.923290345390766e-06,0.7494180090725422,70.0,73.0,100.0,70.0,4.0,tt_error_func,
294,STTA+3,1.6623876080164497e-06,0.8166157559026033,75.0,78.0,100.0,75.0,4.0,tt_error_func,
295,STTA+3,7.280396888730652e-07,0.7269345871172845,80.0,83.0,100.0,80.0,4.0,tt_error_func,
296,STTA+3,1.9472401541444583e-07,0.8367688108701259,85.0,88.0,100.0,85.0,4.0,tt_error_func,
297,STTA+3,8.200438282898913e-08,0.8194774389266968,90.0,93.0,100.0,90.0,4.0,tt_error_func,
298,STTA+3,2.0201247246401917e-08,0.8648654080461711,95.0,98.0,100.0,95.0,4.0,tt_error_func,
299,STTA+3,1.5793611109910231e-12,0.9414268957916647,100.0,103.0,100.0,100.0,4.0,tt_error_func,
300,STTA+3,2.1202851694029787,0.34594705305062234,5.0,8.0,100.0,5.0,5.0,tt_error_func,
301,STTA+3,1.5267757038990062,0.43342908401973546,10.0,13.0,100.0,10.0,5.0,tt_error_func,
302,STTA+3,0.6002638032832757,0.43002116796560585,15.0,18.0,100.0,15.0,5.0,tt_error_func,
303,STTA+3,0.30444784167228306,0.4685236639343202,20.0,23.0,100.0,20.0,5.0,tt_error_func,
304,STTA+3,0.07943261364596227,0.5039943801239133,25.0,28.0,100.0,25.0,5.0,tt_error_func,
305,STTA+3,0.037013161558832226,0.5282654338516295,30.0,33.0,100.0,30.0,5.0,tt_error_func,
306,STTA+3,0.011660138656003918,0.5530399139970541,35.0,38.0,100.0,35.0,5.0,tt_error_func,
307,STTA+3,0.004624683233488684,0.573376415995881,40.0,43.0,100.0,40.0,5.0,tt_error_func,
308,STTA+3,0.0017714109197714955,0.5419054420199245,45.0,48.0,100.0,45.0,5.0,tt_error_func,
309,STTA+3,0.0006157992288636378,0.5620971461758018,50.0,53.0,100.0,50.0,5.0,tt_error_func,
310,STTA+3,0.00016476217530050574,0.6582114140037447,55.0,58.0,100.0,55.0,5.0,tt_error_func,
311,STTA+3,5.598301649705812e-05,0.6363917249254882,60.0,63.0,100.0,60.0,5.0,tt_error_func,
312,STTA+3,1.8888642888026156e-05,0.7703561559319496,65.0,68.0,100.0,65.0,5.0,tt_error_func,
313,STTA+3,7.018010917422712e-06,0.7741578740533441,70.0,73.0,100.0,70.0,5.0,tt_error_func,
314,STTA+3,1.9704049614307212e-06,0.8031052649021149,75.0,78.0,100.0,75.0,5.0,tt_error_func,
315,STTA+3,7.300885564467162e-07,0.6587045460473746,80.0,83.0,100.0,80.0,5.0,tt_error_func,
316,STTA+3,1.4141869120507845e-07,0.8091503069736063,85.0,88.0,100.0,85.0,5.0,tt_error_func,
317,STTA+3,8.444676853885847e-08,0.8381422290112823,90.0,93.0,100.0,90.0,5.0,tt_error_func,
318,STTA+3,1.724705543919557e-08,0.9020890209358186,95.0,98.0,100.0,95.0,5.0,tt_error_func,
319,STTA+3,5.223014738642196e-13,0.8068421590141952,100.0,103.0,100.0,100.0,5.0,tt_error_func,
320,STTA+3,3.4281160940563264,0.37255403213202953,5.0,8.0,100.0,5.0,6.0,tt_error_func,
321,STTA+3,1.2840564210118082,0.36600878508761525,10.0,13.0,100.0,10.0,6.0,tt_error_func,
322,STTA+3,0.5521279992840186,0.4162969619501382,15.0,18.0,100.0,15.0,6.0,tt_error_func,
323,STTA+3,0.2582004125268177,0.44409368303604424,20.0,23.0,100.0,20.0,6.0,tt_error_func,
324,STTA+3,0.09275309038854032,0.48371790489181876,25.0,28.0,100.0,25.0,6.0,tt_error_func,
325,STTA+3,0.034255648036880304,0.5468502689618617,30.0,33.0,100.0,30.0,6.0,tt_error_func,
326,STTA+3,0.01200906917506579,0.47053225291892886,35.0,38.0,100.0,35.0,6.0,tt_error_func,
327,STTA+3,0.004711650545630991,0.771128075895831,40.0,43.0,100.0,40.0,6.0,tt_error_func,
328,STTA+3,0.0019449348392447917,0.675796105992049,45.0,48.0,100.0,45.0,6.0,tt_error_func,
329,STTA+3,0.0004850312232098423,0.6200260629411787,50.0,53.0,100.0,50.0,6.0,tt_error_func,
330,STTA+3,0.00013964592220513266,0.7636854478623718,55.0,58.0,100.0,55.0,6.0,tt_error_func,
331,STTA+3,7.026535884268717e-05,0.6498920950107276,60.0,63.0,100.0,60.0,6.0,tt_error_func,
332,STTA+3,1.4624900940907518e-05,0.7319866428151727,65.0,68.0,100.0,65.0,6.0,tt_error_func,
333,STTA+3,4.920534222039288e-06,0.6410973989404738,70.0,73.0,100.0,70.0,6.0,tt_error_func,
334,STTA+3,2.9066561304905807e-06,0.9619002072140574,75.0,78.0,100.0,75.0,6.0,tt_error_func,
335,STTA+3,7.688672214530735e-07,0.7658006779383868,80.0,83.0,100.0,80.0,6.0,tt_error_func,
336,STTA+3,1.867121049599515e-07,0.7822850008960813,85.0,88.0,100.0,85.0,6.0,tt_error_func,
337,STTA+3,5.835677345810139e-08,0.7525479500181973,90.0,93.0,100.0,90.0,6.0,tt_error_func,
338,STTA+3,3.121381948894416e-08,0.917968685971573,95.0,98.0,100.0,95.0,6.0,tt_error_func,
339,STTA+3,1.5501811287189677e-11,0.89085179916583,100.0,103.0,100.0,100.0,6.0,tt_error_func,
340,STTA+3,3.908896125528105,0.3257520222105086,5.0,8.0,100.0,5.0,7.0,tt_error_func,
341,STTA+3,1.9035910602216797,0.4033938539214432,10.0,13.0,100.0,10.0,7.0,tt_error_func,
342,STTA+3,0.6297419724386591,0.47022583009675145,15.0,18.0,100.0,15.0,7.0,tt_error_func,
343,STTA+3,0.24327100956253941,0.3559145308099687,20.0,23.0,100.0,20.0,7.0,tt_error_func,
344,STTA+3,0.0808343085014581,0.5806978358887136,25.0,28.0,100.0,25.0,7.0,tt_error_func,
345,STTA+3,0.037942623423269865,0.4495467487722635,30.0,33.0,100.0,30.0,7.0,tt_error_func,
346,STTA+3,0.012400526944625971,0.49021420790813863,35.0,38.0,100.0,35.0,7.0,tt_error_func,
347,STTA+3,0.004639945669832859,0.5068461780901998,40.0,43.0,100.0,40.0,7.0,tt_error_func,
348,STTA+3,0.0014417110537585278,0.623136627022177,45.0,48.0,100.0,45.0,7.0,tt_error_func,
349,STTA+3,0.0005648064711028615,0.6240466879680753,50.0,53.0,100.0,50.0,7.0,tt_error_func,
350,STTA+3,0.0001760548147459308,0.5123806539922953,55.0,58.0,100.0,55.0,7.0,tt_error_func,
351,STTA+3,5.65254670585702e-05,0.6684081710409373,60.0,63.0,100.0,60.0,7.0,tt_error_func,
352,STTA+3,1.7647699574375726e-05,0.8521647700108588,65.0,68.0,100.0,65.0,7.0,tt_error_func,
353,STTA+3,4.581040240280745e-06,0.7235722800251096,70.0,73.0,100.0,70.0,7.0,tt_error_func,
354,STTA+3,1.6704018127202725e-06,0.7564112730324268,75.0,78.0,100.0,75.0,7.0,tt_error_func,
355,STTA+3,5.160529995825047e-07,0.6978645068593323,80.0,83.0,100.0,80.0,7.0,tt_error_func,
356,STTA+3,2.561644875734195e-07,0.7531050650868565,85.0,88.0,100.0,85.0,7.0,tt_error_func,
357,STTA+3,5.4371767774540904e-08,0.7608687698375434,90.0,93.0,100.0,90.0,7.0,tt_error_func,
358,STTA+3,2.411259354828848e-08,0.8469113109167665,95.0,98.0,100.0,95.0,7.0,tt_error_func,
359,STTA+3,1.6361526374195102e-12,0.9063593158498406,100.0,103.0,100.0,100.0,7.0,tt_error_func,
360,STTA+3,2.510206871519805,0.3479629419744015,5.0,8.0,100.0,5.0,8.0,tt_error_func,
361,STTA+3,1.152857587254283,0.4407479730434716,10.0,13.0,100.0,10.0,8.0,tt_error_func,
362,STTA+3,0.6894729360090918,0.4466091759968549,15.0,18.0,100.0,15.0,8.0,tt_error_func,
363,STTA+3,0.2955144246283454,0.4504063001368195,20.0,23.0,100.0,20.0,8.0,tt_error_func,
364,STTA+3,0.0860323267475536,0.4249369059689343,25.0,28.0,100.0,25.0,8.0,tt_error_func,
365,STTA+3,0.03703374510939851,0.5070169710088521,30.0,33.0,100.0,30.0,8.0,tt_error_func,
366,STTA+3,0.009860481444878617,0.5736459558829665,35.0,38.0,100.0,35.0,8.0,tt_error_func,
367,STTA+3,0.0051755628336659695,0.6190687271300703,40.0,43.0,100.0,40.0,8.0,tt_error_func,
368,STTA+3,0.0011533473201880363,0.6293636369518936,45.0,48.0,100.0,45.0,8.0,tt_error_func,
369,STTA+3,0.0004992608028966665,0.7794047750066966,50.0,53.0,100.0,50.0,8.0,tt_error_func,
370,STTA+3,0.0001473444289253136,0.5609942490700632,55.0,58.0,100.0,55.0,8.0,tt_error_func,
371,STTA+3,7.570482885541081e-05,0.5703711279202253,60.0,63.0,100.0,60.0,8.0,tt_error_func,
372,STTA+3,1.4758197638145399e-05,0.8967409990727901,65.0,68.0,100.0,65.0,8.0,tt_error_func,
373,STTA+3,9.202533458246263e-06,0.7502934059593827,70.0,73.0,100.0,70.0,8.0,tt_error_func,
374,STTA+3,1.69755847744359e-06,0.7088584420271218,75.0,78.0,100.0,75.0,8.0,tt_error_func,
375,STTA+3,5.59387215585573e-07,0.9165287821087986,80.0,83.0,100.0,80.0,8.0,tt_error_func,
376,STTA+3,1.8313576048228021e-07,0.7840068049263209,85.0,88.0,100.0,85.0,8.0,tt_error_func,
377,STTA+3,5.974728754889675e-08,0.9259842608589679,90.0,93.0,100.0,90.0,8.0,tt_error_func,
378,STTA+3,2.1236817837895703e-08,0.8270729680079967,95.0,98.0,100.0,95.0,8.0,tt_error_func,
379,STTA+3,2.559847097027771e-12,0.956612714799121,100.0,103.0,100.0,100.0,8.0,tt_error_func,
380,STTA+3,7.0037985952746435,0.43912137183360755,5.0,8.0,100.0,5.0,9.0,tt_error_func,
381,STTA+3,1.5926250669783986,0.4271613680757582,10.0,13.0,100.0,10.0,9.0,tt_error_func,
382,STTA+3,0.5475493964202031,0.38839225308038294,15.0,18.0,100.0,15.0,9.0,tt_error_func,
383,STTA+3,0.29175695423706377,0.47336991992779076,20.0,23.0,100.0,20.0,9.0,tt_error_func,
384,STTA+3,0.09640154071024801,0.5466783011797816,25.0,28.0,100.0,25.0,9.0,tt_error_func,
385,STTA+3,0.031056789418583617,0.5095551200211048,30.0,33.0,100.0,30.0,9.0,tt_error_func,
386,STTA+3,0.014273573554732136,0.48665505181998014,35.0,38.0,100.0,35.0,9.0,tt_error_func,
387,STTA+3,0.006231725606568294,0.7702384681906551,40.0,43.0,100.0,40.0,9.0,tt_error_func,
388,STTA+3,0.0011956128651617924,0.5097126089967787,45.0,48.0,100.0,45.0,9.0,tt_error_func,
389,STTA+3,0.0004527000418578925,0.6358783768955618,50.0,53.0,100.0,50.0,9.0,tt_error_func,
390,STTA+3,0.00018836404621942594,0.6150515188928694,55.0,58.0,100.0,55.0,9.0,tt_error_func,
391,STTA+3,5.757491177248318e-05,0.5523309360723943,60.0,63.0,100.0,60.0,9.0,tt_error_func,
392,STTA+3,1.6212880886611152e-05,0.7119339019991457,65.0,68.0,100.0,65.0,9.0,tt_error_func,
393,STTA+3,7.290825894434898e-06,0.797959899995476,70.0,73.0,100.0,70.0,9.0,tt_error_func,
394,STTA+3,2.4854217282474573e-06,0.7622736741323024,75.0,78.0,100.0,75.0,9.0,tt_error_func,
395,STTA+3,5.14143237817219e-07,0.702238786034286,80.0,83.0,100.0,80.0,9.0,tt_error_func,
396,STTA+3,2.2819301784855903e-07,0.9706164181698114,85.0,88.0,100.0,85.0,9.0,tt_error_func,
397,STTA+3,6.402042357562842e-08,1.0417905689682811,90.0,93.0,100.0,90.0,9.0,tt_error_func,
398,STTA+3,2.7907358056799043e-08,0.7596066100522876,95.0,98.0,100.0,95.0,9.0,tt_error_func,
399,STTA+3,8.288832599690309e-12,0.8231420749798417,100.0,103.0,100.0,100.0,9.0,tt_error_func,
400,HMT,0.9678026251224813,0.3555135310161859,,,100.0,5.0,0.0,tt_error_func,5.0
401,HMT,0.5583987939521308,0.2458303109742701,,,100.0,10.0,0.0,tt_error_func,10.0
402,HMT,0.2347835337019311,0.3748761131428182,,,100.0,15.0,0.0,tt_error_func,15.0
403,HMT,0.07977850495812416,0.3537078481167555,,,100.0,20.0,0.0,tt_error_func,20.0
404,HMT,0.029765119261387245,0.297255523968488,,,100.0,25.0,0.0,tt_error_func,25.0
405,HMT,0.008923618500144087,0.4162306629586965,,,100.0,30.0,0.0,tt_error_func,30.0
406,HMT,0.0025667409709735733,0.4208491479512304,,,100.0,35.0,0.0,tt_error_func,35.0
407,HMT,0.001118548731022177,0.4744567989837378,,,100.0,40.0,0.0,tt_error_func,40.0
408,HMT,0.00026833670710017094,0.616730053210631,,,100.0,45.0,0.0,tt_error_func,45.0
409,HMT,0.00010403776275747972,0.6492283779662102,,,100.0,50.0,0.0,tt_error_func,50.0
410,HMT,2.835486734664208e-05,0.5141835049726069,,,100.0,55.0,0.0,tt_error_func,55.0
411,HMT,1.0408741121063205e-05,0.5194389140233397,,,100.0,60.0,0.0,tt_error_func,60.0
412,HMT,2.9639648924694354e-06,0.7145967457909137,,,100.0,65.0,0.0,tt_error_func,65.0
413,HMT,1.073165522548146e-06,0.7867696080356836,,,100.0,70.0,0.0,tt_error_func,70.0
414,HMT,3.584939452254803e-07,0.7454384281300008,,,100.0,75.0,0.0,tt_error_func,75.0
415,HMT,1.0354490460777866e-07,0.8352110888808966,,,100.0,80.0,0.0,tt_error_func,80.0
416,HMT,3.5790880733414496e-08,0.9880649999249727,,,100.0,85.0,0.0,tt_error_func,85.0
417,HMT,1.119077440915055e-08,1.0572713299188763,,,100.0,90.0,0.0,tt_error_func,90.0
418,HMT,3.0421507340117085e-09,1.020578355062753,,,100.0,95.0,0.0,tt_error_func,95.0
419,HMT,7.42637646622689e-13,1.0155788629781455,,,100.0,100.0,0.0,tt_error_func,100.0
420,HMT,0.955783865535437,0.29852940095588565,,,100.0,5.0,1.0,tt_error_func,5.0
421,HMT,0.6334422526961881,0.22936818609014153,,,100.0,10.0,1.0,tt_error_func,10.0
422,HMT,0.20741747311510478,0.24210344115272164,,,100.0,15.0,1.0,tt_error_func,15.0
423,HMT,0.10048473335454344,0.2767471068073064,,,100.0,20.0,1.0,tt_error_func,20.0
424,HMT,0.0264707603337428,0.3443914270028472,,,100.0,25.0,1.0,tt_error_func,25.0
425,HMT,0.009428320061139984,0.36978268483653665,,,100.0,30.0,1.0,tt_error_func,30.0
426,HMT,0.0029618254946172837,0.47438332810997963,,,100.0,35.0,1.0,tt_error_func,35.0
427,HMT,0.0009892229882229617,0.45071712299250066,,,100.0,40.0,1.0,tt_error_func,40.0
428,HMT,0.00037154074143466975,0.43054690305143595,,,100.0,45.0,1.0,tt_error_func,45.0
429,HMT,0.00010143337585283013,0.7505100211128592,,,100.0,50.0,1.0,tt_error_func,50.0
430,HMT,3.24251963659728e-05,0.6875190360005945,,,100.0,55.0,1.0,tt_error_func,55.0
431,HMT,1.044942595082571e-05,0.600112171843648,,,100.0,60.0,1.0,tt_error_func,60.0
432,HMT,3.985001517588346e-06,0.6564265540800989,,,100.0,65.0,1.0,tt_error_func,65.0
433,HMT,1.110329042267241e-06,0.7974199359305203,,,100.0,70.0,1.0,tt_error_func,70.0
434,HMT,2.98941709740747e-07,0.6985675971955061,,,100.0,75.0,1.0,tt_error_func,75.0
435,HMT,1.207583450333232e-07,0.8836782721336931,,,100.0,80.0,1.0,tt_error_func,80.0
436,HMT,3.417955956021181e-08,0.8859851688612252,,,100.0,85.0,1.0,tt_error_func,85.0
437,HMT,1.0828221681183304e-08,0.9234699471853673,,,100.0,90.0,1.0,tt_error_func,90.0
438,HMT,3.1164354759926612e-09,1.0322711190674454,,,100.0,95.0,1.0,tt_error_func,95.0
439,HMT,3.906902864702981e-14,1.0981286959722638,,,100.0,100.0,1.0,tt_error_func,100.0
440,HMT,0.9412071464230353,0.2568013540003449,,,100.0,5.0,2.0,tt_error_func,5.0
441,HMT,0.5647693586300625,0.2190080201253295,,,100.0,10.0,2.0,tt_error_func,10.0
442,HMT,0.22146386729873102,0.33094441005960107,,,100.0,15.0,2.0,tt_error_func,15.0
443,HMT,0.07924210176649497,0.3262374261394143,,,100.0,20.0,2.0,tt_error_func,20.0
444,HMT,0.02652023241483185,0.3382050981745124,,,100.0,25.0,2.0,tt_error_func,25.0
445,HMT,0.010003428335272301,0.42600939702242613,,,100.0,30.0,2.0,tt_error_func,30.0
446,HMT,0.0030230827217779016,0.3816533179488033,,,100.0,35.0,2.0,tt_error_func,35.0
447,HMT,0.000989401723281399,0.4026311789639294,,,100.0,40.0,2.0,tt_error_func,40.0
448,HMT,0.00033043704667760394,0.46652713720686734,,,100.0,45.0,2.0,tt_error_func,45.0
449,HMT,0.00010515642345243854,0.49256514804437757,,,100.0,50.0,2.0,tt_error_func,50.0
450,HMT,3.2430773010802144e-05,0.520489000948146,,,100.0,55.0,2.0,tt_error_func,55.0
451,HMT,9.338969023172707e-06,0.5619463420007378,,,100.0,60.0,2.0,tt_error_func,60.0
452,HMT,3.3844943997845114e-06,0.726820653071627,,,100.0,65.0,2.0,tt_error_func,65.0
453,HMT,1.0731912045091875e-06,0.7457719380035996,,,100.0,70.0,2.0,tt_error_func,70.0
454,HMT,3.1139237740130307e-07,0.7703514359891415,,,100.0,75.0,2.0,tt_error_func,75.0
455,HMT,1.0684555063436825e-07,0.8727881701197475,,,100.0,80.0,2.0,tt_error_func,80.0
456,HMT,3.6450896995105735e-08,0.9059747350402176,,,100.0,85.0,2.0,tt_error_func,85.0
457,HMT,1.0350013137640317e-08,0.8733213150408119,,,100.0,90.0,2.0,tt_error_func,90.0
458,HMT,2.9052118863453623e-09,1.0302862531971186,,,100.0,95.0,2.0,tt_error_func,95.0
459,HMT,5.456426107331316e-14,1.170881203142926,,,100.0,100.0,2.0,tt_error_func,100.0
460,HMT,0.9570667895291207,0.20560307102277875,,,100.0,5.0,3.0,tt_error_func,5.0
461,HMT,0.5639980459000997,0.27926224702969193,,,100.0,10.0,3.0,tt_error_func,10.0
462,HMT,0.2748774266990132,0.4816527208313346,,,100.0,15.0,3.0,tt_error_func,15.0
463,HMT,0.07208096679777472,0.3755775620229542,,,100.0,20.0,3.0,tt_error_func,20.0
464,HMT,0.023469282486298627,0.33242002595216036,,,100.0,25.0,3.0,tt_error_func,25.0
465,HMT,0.010350063627029891,0.3323933258652687,,,100.0,30.0,3.0,tt_error_func,30.0
466,HMT,0.0028888138373727983,0.3714045938104391,,,100.0,35.0,3.0,tt_error_func,35.0
467,HMT,0.0009014902472942318,0.40313277184031904,,,100.0,40.0,3.0,tt_error_func,40.0
468,HMT,0.000351073159028113,0.5005564950406551,,,100.0,45.0,3.0,tt_error_func,45.0
469,HMT,9.239167743190742e-05,0.49261063314042985,,,100.0,50.0,3.0,tt_error_func,50.0
470,HMT,3.77407330622649e-05,0.5749805439263582,,,100.0,55.0,3.0,tt_error_func,55.0
471,HMT,1.2092687050278046e-05,0.570984804071486,,,100.0,60.0,3.0,tt_error_func,60.0
472,HMT,3.273466856254764e-06,0.6100850189104676,,,100.0,65.0,3.0,tt_error_func,65.0
473,HMT,9.723246843362157e-07,0.996452626073733,,,100.0,70.0,3.0,tt_error_func,70.0
474,HMT,3.7819439198380777e-07,0.87880670116283,,,100.0,75.0,3.0,tt_error_func,75.0
475,HMT,1.1385844562127156e-07,0.9476864850148559,,,100.0,80.0,3.0,tt_error_func,80.0
476,HMT,3.273583252377412e-08,0.9171520930249244,,,100.0,85.0,3.0,tt_error_func,85.0
477,HMT,1.0134229302829552e-08,1.0849311179481447,,,100.0,90.0,3.0,tt_error_func,90.0
478,HMT,3.24909563868255e-09,1.038362120045349,,,100.0,95.0,3.0,tt_error_func,95.0
479,HMT,6.241747814144137e-14,1.015998254995793,,,100.0,100.0,3.0,tt_error_func,100.0
480,HMT,0.9641341457284851,0.19710497208870947,,,100.0,5.0,4.0,tt_error_func,5.0
481,HMT,0.5997324486778551,0.229812182020396,,,100.0,10.0,4.0,tt_error_func,10.0
482,HMT,0.21236305245572212,0.2618648449424654,,,100.0,15.0,4.0,tt_error_func,15.0
483,HMT,0.07350880906197288,0.38131632888689637,,,100.0,20.0,4.0,tt_error_func,20.0
484,HMT,0.025283406353098958,0.4637479009106755,,,100.0,25.0,4.0,tt_error_func,25.0
485,HMT,0.00865793529717183,0.5213384239468724,,,100.0,30.0,4.0,tt_error_func,30.0
486,HMT,0.0026371944234272124,0.4963292561005801,,,100.0,35.0,4.0,tt_error_func,35.0
487,HMT,0.001200622842205671,0.4160996919963509,,,100.0,40.0,4.0,tt_error_func,40.0
488,HMT,0.0003043023033819702,0.42384032788686454,,,100.0,45.0,4.0,tt_error_func,45.0
489,HMT,9.690482235095429e-05,0.6645873379893601,,,100.0,50.0,4.0,tt_error_func,50.0
490,HMT,3.230041582666032e-05,0.5073608390521258,,,100.0,55.0,4.0,tt_error_func,55.0
491,HMT,1.0516965515727847e-05,0.564647575141862,,,100.0,60.0,4.0,tt_error_func,60.0
492,HMT,3.1922525159965615e-06,0.842384465970099,,,100.0,65.0,4.0,tt_error_func,65.0
493,HMT,9.789465484468223e-07,0.9044398649130017,,,100.0,70.0,4.0,tt_error_func,70.0
494,HMT,3.424825822780046e-07,1.0436176580842584,,,100.0,75.0,4.0,tt_error_func,75.0
495,HMT,1.0705387031360102e-07,0.7618480848614126,,,100.0,80.0,4.0,tt_error_func,80.0
496,HMT,3.368145846249538e-08,0.9848325981292874,,,100.0,85.0,4.0,tt_error_func,85.0
497,HMT,9.297688190082981e-09,0.9628529800102115,,,100.0,90.0,4.0,tt_error_func,90.0
498,HMT,2.8826595440856974e-09,1.0982898389920592,,,100.0,95.0,4.0,tt_error_func,95.0
499,HMT,8.802673589119816e-14,1.2023039110936224,,,100.0,100.0,4.0,tt_error_func,100.0
500,HMT,0.9702860185870755,0.1884647528640926,,,100.0,5.0,5.0,tt_error_func,5.0
501,HMT,0.5771493863310436,0.21243902295827866,,,100.0,10.0,5.0,tt_error_func,10.0
502,HMT,0.22057986331551618,0.2463558679446578,,,100.0,15.0,5.0,tt_error_func,15.0
503,HMT,0.0842167174488058,0.29169801296666265,,,100.0,20.0,5.0,tt_error_func,20.0
504,HMT,0.029966712708344723,0.38140999316237867,,,100.0,25.0,5.0,tt_error_func,25.0
505,HMT,0.009423056368654441,0.34585318295285106,,,100.0,30.0,5.0,tt_error_func,30.0
506,HMT,0.0028981389141714852,0.5182285809423774,,,100.0,35.0,5.0,tt_error_func,35.0
507,HMT,0.0010915020401394354,0.5292552949395031,,,100.0,40.0,5.0,tt_error_func,40.0
508,HMT,0.0002781936827639155,0.4812593290116638,,,100.0,45.0,5.0,tt_error_func,45.0
509,HMT,9.904663142243325e-05,0.5258480978664011,,,100.0,50.0,5.0,tt_error_func,50.0
510,HMT,3.06757234762744e-05,0.8014890239574015,,,100.0,55.0,5.0,tt_error_func,55.0
511,HMT,1.0045573913453475e-05,0.5533456639386714,,,100.0,60.0,5.0,tt_error_func,60.0
512,HMT,3.353427736834211e-06,0.7038598209619522,,,100.0,65.0,5.0,tt_error_func,65.0
513,HMT,1.0148496666794263e-06,0.8806685151066631,,,100.0,70.0,5.0,tt_error_func,70.0
514,HMT,3.8581776100881055e-07,0.7961496158968657,,,100.0,75.0,5.0,tt_error_func,75.0
515,HMT,9.333507059278489e-08,0.8170847650617361,,,100.0,80.0,5.0,tt_error_func,80.0
516,HMT,3.032729847080664e-08,0.9669326990842819,,,100.0,85.0,5.0,tt_error_func,85.0
517,HMT,9.053336060049883e-09,0.878129200078547,,,100.0,90.0,5.0,tt_error_func,90.0
518,HMT,3.2236321465952446e-09,1.1114860330708325,,,100.0,95.0,5.0,tt_error_func,95.0
519,HMT,4.696641464795397e-14,1.125107761938125,,,100.0,100.0,5.0,tt_error_func,100.0
520,HMT,0.9453992325533177,0.2799694458954036,,,100.0,5.0,6.0,tt_error_func,5.0
521,HMT,0.5504150937207992,0.2302610520273447,,,100.0,10.0,6.0,tt_error_func,10.0
522,HMT,0.22072542994869368,0.2513368499930948,,,100.0,15.0,6.0,tt_error_func,15.0
523,HMT,0.07760967047894575,0.30191085510887206,,,100.0,20.0,6.0,tt_error_func,20.0
524,HMT,0.030360905085290005,0.3915258760098368,,,100.0,25.0,6.0,tt_error_func,25.0
525,HMT,0.0086364556244024,0.3356365319341421,,,100.0,30.0,6.0,tt_error_func,30.0
526,HMT,0.0027955503665205335,0.395364788826555,,,100.0,35.0,6.0,tt_error_func,35.0
527,HMT,0.0009273242155365737,0.36515998910181224,,,100.0,40.0,6.0,tt_error_func,40.0
528,HMT,0.0002954038833884353,0.575242084916681,,,100.0,45.0,6.0,tt_error_func,45.0
529,HMT,0.00011774533976460975,0.8372773381415755,,,100.0,50.0,6.0,tt_error_func,50.0
530,HMT,3.9007411270652816e-05,0.5178563359659165,,,100.0,55.0,6.0,tt_error_func,55.0
531,HMT,1.1077562021220147e-05,0.5346447469200939,,,100.0,60.0,6.0,tt_error_func,60.0
532,HMT,3.5006177555305667e-06,0.6018494428135455,,,100.0,65.0,6.0,tt_error_func,65.0
533,HMT,1.0715093360949827e-06,0.6530865880195051,,,100.0,70.0,6.0,tt_error_func,70.0
534,HMT,3.274803793431972e-07,0.81143743195571,,,100.0,75.0,6.0,tt_error_func,75.0
535,HMT,1.0483942898519136e-07,0.8242038909811527,,,100.0,80.0,6.0,tt_error_func,80.0
536,HMT,3.570199736506216e-08,0.9072549168486148,,,100.0,85.0,6.0,tt_error_func,85.0
537,HMT,9.323810980180786e-09,0.8646020689047873,,,100.0,90.0,6.0,tt_error_func,90.0
538,HMT,3.27416277563955e-09,1.0371123300865293,,,100.0,95.0,6.0,tt_error_func,95.0
539,HMT,7.425781741032368e-14,1.1688515350688249,,,100.0,100.0,6.0,tt_error_func,100.0
540,HMT,0.9581048629083809,0.18358092498965561,,,100.0,5.0,7.0,tt_error_func,5.0
541,HMT,0.6069402785325231,0.24635661207139492,,,100.0,10.0,7.0,tt_error_func,10.0
542,HMT,0.22364218210870465,0.36474101385101676,,,100.0,15.0,7.0,tt_error_func,15.0
543,HMT,0.0732179012026152,0.6490255768876523,,,100.0,20.0,7.0,tt_error_func,20.0
544,HMT,0.02853662498675331,0.33104077191092074,,,100.0,25.0,7.0,tt_error_func,25.0
545,HMT,0.008852960468860168,0.3470702809281647,,,100.0,30.0,7.0,tt_error_func,30.0
546,HMT,0.0029651139169613416,0.35719381482340395,,,100.0,35.0,7.0,tt_error_func,35.0
547,HMT,0.0009729143949744502,0.38695634296163917,,,100.0,40.0,7.0,tt_error_func,40.0
548,HMT,0.00031325581548620956,0.45173796196468174,,,100.0,45.0,7.0,tt_error_func,45.0
549,HMT,9.745920922188152e-05,0.4690920780412853,,,100.0,50.0,7.0,tt_error_func,50.0
550,HMT,3.3386649112435916e-05,0.5063490548636764,,,100.0,55.0,7.0,tt_error_func,55.0
551,HMT,1.0641552099862254e-05,0.6739866309799254,,,100.0,60.0,7.0,tt_error_func,60.0
552,HMT,3.3348579777730175e-06,0.6987903660628945,,,100.0,65.0,7.0,tt_error_func,65.0
553,HMT,1.0072854018639897e-06,0.7555650861468166,,,100.0,70.0,7.0,tt_error_func,70.0
554,HMT,3.171047021303165e-07,0.7703762878663838,,,100.0,75.0,7.0,tt_error_func,75.0
555,HMT,1.271909590914768e-07,0.8835465849842876,,,100.0,80.0,7.0,tt_error_func,80.0
556,HMT,3.048977670357971e-08,1.0684000339824706,,,100.0,85.0,7.0,tt_error_func,85.0
557,HMT,9.990576204855766e-09,1.0160910510458052,,,100.0,90.0,7.0,tt_error_func,90.0
558,HMT,3.1304064073449575e-09,0.9917241570074111,,,100.0,95.0,7.0,tt_error_func,95.0
559,HMT,4.6335081531973334e-14,1.2502748989500105,,,100.0,100.0,7.0,tt_error_func,100.0
560,HMT,0.9613205740521332,0.1972054149955511,,,100.0,5.0,8.0,tt_error_func,5.0
561,HMT,0.5421144812244968,0.2291539970319718,,,100.0,10.0,8.0,tt_error_func,10.0
562,HMT,0.22006774097566284,0.29216375993564725,,,100.0,15.0,8.0,tt_error_func,15.0
563,HMT,0.07910061249342638,0.2744771440047771,,,100.0,20.0,8.0,tt_error_func,20.0
564,HMT,0.02651300338661424,0.3321435968391597,,,100.0,25.0,8.0,tt_error_func,25.0
565,HMT,0.008710732508202725,0.34855331503786147,,,100.0,30.0,8.0,tt_error_func,30.0
566,HMT,0.0032561644655830155,0.38278243714012206,,,100.0,35.0,8.0,tt_error_func,35.0
567,HMT,0.0009695788979726491,0.5746442701201886,,,100.0,40.0,8.0,tt_error_func,40.0
568,HMT,0.00033273726557635545,0.4302325139287859,,,100.0,45.0,8.0,tt_error_func,45.0
569,HMT,0.00010315990301692505,0.5546665370929986,,,100.0,50.0,8.0,tt_error_func,50.0
570,HMT,3.1635084413912713e-05,0.5671308101154864,,,100.0,55.0,8.0,tt_error_func,55.0
571,HMT,1.0401958171099429e-05,0.5880924048833549,,,100.0,60.0,8.0,tt_error_func,60.0
572,HMT,3.387438246593215e-06,0.6148179259616882,,,100.0,65.0,8.0,tt_error_func,65.0
573,HMT,1.0543802033878152e-06,0.7009864940773696,,,100.0,70.0,8.0,tt_error_func,70.0
574,HMT,3.4301283298026435e-07,0.6972780390642583,,,100.0,75.0,8.0,tt_error_func,75.0
575,HMT,1.2746814450634717e-07,0.8054440510459244,,,100.0,80.0,8.0,tt_error_func,80.0
576,HMT,2.8433882336698936e-08,0.8084166839253157,,,100.0,85.0,8.0,tt_error_func,85.0
577,HMT,1.2408371741051383e-08,0.8983613760210574,,,100.0,90.0,8.0,tt_error_func,90.0
578,HMT,3.000132754228904e-09,1.0970514931250364,,,100.0,95.0,8.0,tt_error_func,95.0
579,HMT,4.186547444208029e-14,1.223990041995421,,,100.0,100.0,8.0,tt_error_func,100.0
580,HMT,0.9240343758813123,0.39310567802749574,,,100.0,5.0,9.0,tt_error_func,5.0
581,HMT,0.5750884494914221,0.23111154604703188,,,100.0,10.0,9.0,tt_error_func,10.0
582,HMT,0.23949350490940796,0.29586781980469823,,,100.0,15.0,9.0,tt_error_func,15.0
583,HMT,0.0766854854601052,0.3838757120538503,,,100.0,20.0,9.0,tt_error_func,20.0
584,HMT,0.02649986836846429,0.4290774429682642,,,100.0,25.0,9.0,tt_error_func,25.0
585,HMT,0.008797499497330063,0.37678998708724976,,,100.0,30.0,9.0,tt_error_func,30.0
586,HMT,0.002790549694436463,0.38656933791935444,,,100.0,35.0,9.0,tt_error_func,35.0
587,HMT,0.0009886489560369438,0.4792028199881315,,,100.0,40.0,9.0,tt_error_func,40.0
588,HMT,0.0003212591034838257,0.5691758841276169,,,100.0,45.0,9.0,tt_error_func,45.0
589,HMT,0.00010583529826781346,0.4975500328000635,,,100.0,50.0,9.0,tt_error_func,50.0
590,HMT,3.2413832630383555e-05,0.6799675810616463,,,100.0,55.0,9.0,tt_error_func,55.0
591,HMT,1.180130314080798e-05,0.7691216680686921,,,100.0,60.0,9.0,tt_error_func,60.0
592,HMT,3.940604323905278e-06,0.6455191120039672,,,100.0,65.0,9.0,tt_error_func,65.0
593,HMT,1.0882459346575468e-06,0.7050357528496534,,,100.0,70.0,9.0,tt_error_func,70.0
594,HMT,2.880422522428912e-07,0.7825214308686554,,,100.0,75.0,9.0,tt_error_func,75.0
595,HMT,1.0645579218977879e-07,0.9553781761787832,,,100.0,80.0,9.0,tt_error_func,80.0
596,HMT,3.7117800521601365e-08,0.8695159628987312,,,100.0,85.0,9.0,tt_error_func,85.0
597,HMT,9.70197457369276e-09,1.4029914310667664,,,100.0,90.0,9.0,tt_error_func,90.0
598,HMT,3.0077349164110303e-09,1.0614591951016337,,,100.0,95.0,9.0,tt_error_func,95.0
599,HMT,1.0311018015442021e-13,1.040074927965179,,,100.0,100.0,9.0,tt_error_func,100.0
